patent_id,title,abstract,cleaned_abstract
US-2006134160-A1,Patent Record US-2006134160-A1,"This invention relates to novel calcium phosphate-coated implantable medical devices and processes of making same. The calcium-phosphate coatings are designed to minimize the immune response to the implant (e.g. restenosis in stenting procedures) and can be used to store and release a medicinally active agent in a controlled manner. Such coatings can be applied to any implantable medical devices and are useful for a number of medical procedures including (but not limited to) balloon angioplasty in cardiovascular stenting, ureteral stenting and catheterisation. The calcium phosphate coatings can be applied to a substrate as one or more coatings by a sol-gel deposition process, an aerosol-gel deposition process, a biomimetic deposition process, a calcium phosphate cement deposition process, an electro-phoretic deposition process or an electrochemical deposition process. The coating can contain and elude a drug in an engineered manner.",invention relates novel calcium phosphatecoated implantable medical device process making calciumphosphate coating designed minimize immune response implant eg restenosis stenting procedure used store release medicinally active agent controlled manner coating applied implantable medical device useful number medical procedure including limited balloon angioplasty cardiovascular stenting ureteral stenting catheterisation calcium phosphate coating applied substrate one coating solgel deposition process aerosolgel deposition process biomimetic deposition process calcium phosphate cement deposition process electrophoretic deposition process electrochemical deposition process coating contain elude drug engineered manner
US-4592498-A,Patent Record US-4592498-A,"A stapler, particularly for suturing skin wounds or incisions, is disclosed which comprises a channel in which a driver is advanced by a slide in the direction of an anvil surface. A staple magazine which extends substantially parallel with the driver includes a curved section which opens into the channel to deliver staples into the channel for engagement by the driver. During forward displacement of the driver, a projection on the driver presses a leaf spring to which the anvil surface is connected. The anvil surface at the forward end of the leaf spring is thereby brought into its operating position and is automatically moved back into its retracted position upon release of the spring after the driver is retracted. The curved section in the staple magazine enables the stapler to have a slim profile which does not obscure the working area during a stapling operation. After completion of a stapling operation, the anvil surface is automatically retracted from a closed, implanted staple.",stapler particularly suturing skin wound incision disclosed comprises channel driver advanced slide direction anvil surface staple magazine extends substantially parallel driver includes curved section open channel deliver staple channel engagement driver forward displacement driver projection driver press leaf spring anvil surface connected anvil surface forward end leaf spring thereby brought operating position automatically moved back retracted position upon release spring driver retracted curved section staple magazine enables stapler slim profile obscure working area stapling operation completion stapling operation anvil surface automatically retracted closed implanted staple
US-2014379009-A1,Patent Record US-2014379009-A1,"A nerve guidance conduit includes a spiral structured porous sheet decorated with channels on its surface and electrospun nanofibers in a parallel alignment with the channels and an outer tubular structure including randomly-oriented nanofibers. Such a structure provides augmented surface areas for providing directional guidance and augmented surfaces for enhancing and peripheral nerve regeneration. The structure also has the mechanical and nutrient transport requirements required over long regeneration periods. To prepare a nerve guidance conduit, porous polymer sheet is prepared by a solvent casting method while using a template of thin rods to form parallel channels on a surface of the sheet. Aligned nanofibers are deposited on the sheet parallel to the channels. The polymer sheet is then wound to form a spiral structure. A dense layer of randomly-oriented nanofibers may be deposited on the outside of the spiral.",nerve guidance conduit includes spiral structured porous sheet decorated channel surface electrospun nanofibers parallel alignment channel outer tubular structure including randomlyoriented nanofibers structure provides augmented surface area providing directional guidance augmented surface enhancing peripheral nerve regeneration structure also mechanical nutrient transport requirement required long regeneration period prepare nerve guidance conduit porous polymer sheet prepared solvent casting method using template thin rod form parallel channel surface sheet aligned nanofibers deposited sheet parallel channel polymer sheet wound form spiral structure dense layer randomlyoriented nanofibers may deposited outside spiral
US-4157173-A,Patent Record US-4157173-A,"A rail connector and improvement in seat base support assembly. The connector takes two basic forms. In the first a pre-stressed, close wound coil, disposed either transversely or longitudinally of the connector, is effective to continuously bias the seat base support means upwardly. In the second a cantilevered, curved spring arm serves the same purpose. The connector may be configured to reach into the body of a sinuous spring band, for example, and define a torque arm in the band, at the back rail. All forms are applicable to wire mesh, chord rubber webbing, flat steel bands and sinuous, both arced and dearced.",rail connector improvement seat base support assembly connector take two basic form first prestressed close wound coil disposed either transversely longitudinally connector effective continuously bias seat base support mean upwardly second cantilevered curved spring arm serf purpose connector may configured reach body sinuous spring band example define torque arm band back rail form applicable wire mesh chord rubber webbing flat steel band sinuous arced dearced
US-2017360443-A1,Patent Record US-2017360443-A1,An anvil assembly is disclosed that includes an anvil shaft including a proximal portion and a distal portion and defining a first longitudinal bore. The proximal portion includes a plurality of flexible legs that define the first longitudinal bore dimensioned to receive a trocar of a stapling device. An anvil head assembly is secured to the distal portion of the anvil shaft and supports an annular anvil plate that a plurality of staple deforming pockets. The anvil assembly also includes a rigid collet defining a second longitudinal bore that is configured to receive the trocar of the stapling device. The rigid collet is supported within the first longitudinal bore and is positioned to prevent crushing of the plurality of flexible legs when the anvil assembly is manipulated with a grasper.,anvil assembly disclosed includes anvil shaft including proximal portion distal portion defining first longitudinal bore proximal portion includes plurality flexible leg define first longitudinal bore dimensioned receive trocar stapling device anvil head assembly secured distal portion anvil shaft support annular anvil plate plurality staple deforming pocket anvil assembly also includes rigid collet defining second longitudinal bore configured receive trocar stapling device rigid collet supported within first longitudinal bore positioned prevent crushing plurality flexible leg anvil assembly manipulated grasper
US-5776129-A,Patent Record US-5776129-A,A method of performing endometrial ablation comprising heating entire surface of the endometrium to a temperature of between 45° C. and 70° C. to destroy the cells of the endometrial lining while maintaining the average temperature of the myometrium at a temperature below approximately 42° C. An apparatus for performing an endometrial ablation comprising an expandable membrane such as a balloon adapted to fit within the uterus and contact the endometrial lining when expanded. A web of light diffusing fiber-optic cables arranged on the outer surface the balloon such that the web contacts the endometrial lining of the uterus when the balloon is expanded. The fiber-optic web is connected to an array of high intensity lamps via a series of fiber-optic cables. The temperature of the endometrium is monitored by a of a series of temperature sensors arranged upon the surface of the balloon.,method performing endometrial ablation comprising heating entire surface endometrium temperature c c destroy cell endometrial lining maintaining average temperature myometrium temperature approximately c apparatus performing endometrial ablation comprising expandable membrane balloon adapted fit within uterus contact endometrial lining expanded web light diffusing fiberoptic cable arranged outer surface balloon web contact endometrial lining uterus balloon expanded fiberoptic web connected array high intensity lamp via series fiberoptic cable temperature endometrium monitored series temperature sensor arranged upon surface balloon
US-6039953-A,Patent Record US-6039953-A,"The invention concerns a highly concentrated mineralised natural complex, characterised by at least one main mineral element quantified with nutritional and/or dietetic integrator properties and by other mineral elements obtained in the complex from the mineralization of vegetal and/or animal products. Moreover, it concerns the method for its production consisting in using vegetal and/or animal organic substances, having a high content of oligominerals, in carrying out their fragmentation, their mixing and the mineralization until the inorganic part is completely separated from the organic part, and then in transforming the aforesaid inorganic part in forms of easy commercialization.",invention concern highly concentrated mineralised natural complex characterised least one main mineral element quantified nutritional andor dietetic integrator property mineral element obtained complex mineralization vegetal andor animal product moreover concern method production consisting using vegetal andor animal organic substance high content oligominerals carrying fragmentation mixing mineralization inorganic part completely separated organic part transforming aforesaid inorganic part form easy commercialization
US-4864201-A,Patent Record US-4864201-A,"An automatic electro-mechanical device for opening and closing a curtain or drapery in response to changed light striking a photoelectric cell on the device. The device comprises a miniature high torque reversible electric motor and control packaged in a container of substantially the same size as a conventional cord tensioner of curtains or draperies. To close the drapes at sun-down and open the drapes at sun-up automatically without actuation if the lighting changes for short periods of time, the device comprises a dual timer circuit with individual ramping circuits. One timer circuit monitors the sustained presence or absence of light for a predetermined amount of time. The other timer regulates the motor drive run time. A flip flop circuit signals the current state of the curtains or drapes by providing memory of the last directional movement of the motor.",automatic electromechanical device opening closing curtain drapery response changed light striking photoelectric cell device device comprises miniature high torque reversible electric motor control packaged container substantially size conventional cord tensioner curtain drapery close drape sundown open drape sunup automatically without actuation lighting change short period time device comprises dual timer circuit individual ramping circuit one timer circuit monitor sustained presence absence light predetermined amount time timer regulates motor drive run time flip flop circuit signal current state curtain drape providing memory last directional movement motor
US-2007095961-A1,Patent Record US-2007095961-A1,"The present invention is aimed to provide a container of the blender. It can prevent the inner wall of the container from abrasions and blemishes. Further, the time-consuming for fibers of the fruit and vegetable being grated and chopped can be reduced. The container of the blender includes a cup, a lining mounted inside the cup characterized in that the lining as a shield screen on the inner wall of the cup, the inner wall of the lining has a number of teeth projected thereof for grating the fibers of the vegetable and fruit.",present invention aimed provide container blender prevent inner wall container abrasion blemish timeconsuming fiber fruit vegetable grated chopped reduced container blender includes cup lining mounted inside cup characterized lining shield screen inner wall cup inner wall lining number teeth projected thereof grating fiber vegetable fruit
US-4328811-A,Patent Record US-4328811-A,A catheter is provided with an inflatable-deflatable balloon element to radially enlarge a partially occluded artery lumen and the catheter is provided with a calibrator oval to internally gauge the enlarged lumen.,catheter provided inflatabledeflatable balloon element radially enlarge partially occluded artery lumen catheter provided calibrator oval internally gauge enlarged lumen
US-7870713-B2,Patent Record US-7870713-B2,"A guard for a sickle of an agricultural plant cutting machine includes a forwardly extending finger including a longitudinally extending, upwardly facing surface extending over the sickle, which includes a rearwardly facing air discharge nozzle therein located above and/or forwardly of the sickle, and the finger includes an air flow passage extending internally therethrough from an air inlet adjacent to a base of the finger to the nozzle, for delivering a flow of pressurized air thereto, the nozzle being at least mostly flush with or recessed into the upwardly facing surface. As a result, the nozzle is operable for discharging the flow of air rearwardly over the finger without obstructing plant material flow thereover, the air flow being sufficient to blow at least a substantial amount of loose grain and other plant material located forwardly of the front edge of a header floor of the machine, onto the floor for collection by a conveyor of the header for processing.",guard sickle agricultural plant cutting machine includes forwardly extending finger including longitudinally extending upwardly facing surface extending sickle includes rearwardly facing air discharge nozzle therein located andor forwardly sickle finger includes air flow passage extending internally therethrough air inlet adjacent base finger nozzle delivering flow pressurized air thereto nozzle least mostly flush recessed upwardly facing surface result nozzle operable discharging flow air rearwardly finger without obstructing plant material flow thereover air flow sufficient blow least substantial amount loose grain plant material located forwardly front edge header floor machine onto floor collection conveyor header processing
US-4703703-A,Patent Record US-4703703-A,"A variable width tiered display stand, which may be supplied in knocked-down condition, and which may be readily assembled at the site of use, is disclosed. 
     The stand provides multiple tiers, each adapted for support of a box of boxed goods thereon, to provide an attractive means for display, and offer, of goods to prospective customers, while permitting the shopkeeper to easily withdraw empty boxes of goods from the tiers and to insert fresh boxed goods on the tiers as may be required or desired. 
     The stands are preferably made of transparent plastic parts which may be easily fit together, and which do not require additional fastener means for keeping the tiered display stand assembled.",variable width tiered display stand may supplied knockeddown condition may readily assembled site use disclosed stand provides multiple tier adapted support box boxed good thereon provide attractive mean display offer good prospective customer permitting shopkeeper easily withdraw empty box good tier insert fresh boxed good tier may required desired stand preferably made transparent plastic part may easily fit together require additional fastener mean keeping tiered display stand assembled
US-2011309601-A1,Patent Record US-2011309601-A1,"A mission adaptable multi-purpose, collapsible portable cart/utility table, for use in emergency response and disaster situations, camping, hunting and other outdoors activities, which carries medical rescue carts, canoes, small boats, game, or hauled cargo by hand. It transports one or more cargo bins over long, rough terrain and each bin can include one or more cabinet drawers therein, wherein upon tilting of a cargo bin from a horizontal transport position to a substantially vertical position the cargo bin serves as a supply cabinet. Each bin is openable to expose the supply drawers for use.",mission adaptable multipurpose collapsible portable cartutility table use emergency response disaster situation camping hunting outdoors activity carry medical rescue cart canoe small boat game hauled cargo hand transport one cargo bin long rough terrain bin include one cabinet drawer therein wherein upon tilting cargo bin horizontal transport position substantially vertical position cargo bin serf supply cabinet bin openable expose supply drawer use
US-5697975-A,Patent Record US-5697975-A,"A neural prosthetic device for reducing or eliminating the effects of tinnitus is inserted into a tinnitus patient&#39;s primary auditory cortex (or thalamus). The prosthetic device includes a stimulation device for outputting processed electrical signals and an electrode arranged in the primary auditory cortex having a plurality of electrical contacts. Each of the plurality of electrical contacts independently outputs electrical discharges in accordance with the electrical signals. In another embodiment, a catheter is inserted into the tinnitus patient&#39;s primary auditory cortex or thalamus. The catheter microinfuses drugs which suppress or eliminate abnormal neural activity into disperse geometric locations in the cortex or thalamus, thereby reducing or eliminating the effects of the patient&#39;s tinnitus.",neural prosthetic device reducing eliminating effect tinnitus inserted tinnitus patient primary auditory cortex thalamus prosthetic device includes stimulation device outputting processed electrical signal electrode arranged primary auditory cortex plurality electrical contact plurality electrical contact independently output electrical discharge accordance electrical signal another embodiment catheter inserted tinnitus patient primary auditory cortex thalamus catheter microinfuses drug suppress eliminate abnormal neural activity disperse geometric location cortex thalamus thereby reducing eliminating effect patient tinnitus
US-2013277994-A1,Patent Record US-2013277994-A1,"A garnish pick for food and/or beverages is disclosed. In at least some embodiments, the garnish pick includes a plurality of appendages that form skewering shafts for skewering garnishes. In at least some embodiments, at least one appendage of the garnish pick forms a hook for securing the garnish pick to a food or beverage container. In at least some embodiments, the garnish pick and its associated appendages may be shaped to simulate the appearance of organisms or portions thereof. As one example, the garnish pick may simulate the appearance of a branch of a tree or an antler of an animal.",garnish pick food andor beverage disclosed least embodiment garnish pick includes plurality appendage form skewering shaft skewering garnish least embodiment least one appendage garnish pick form hook securing garnish pick food beverage container least embodiment garnish pick associated appendage may shaped simulate appearance organism portion thereof one example garnish pick may simulate appearance branch tree antler animal
US-5607385-A,Patent Record US-5607385-A,"A device and algorithm for a combined cardiomyostimulator and a cardiac pacer-cardioverter-defibrillator. In particular the present device operates, in a first embodiment, to deliver stimulation to a skeletal muscle grafted about a heart; sense depolarizations of a patient&#39;s heart; measure the intervals separating successive depolarizations of the patient&#39;s heart; define first and second interval ranges; determine the number of the measured intervals falling within the first and second interval ranges; inhibit the delivery of stimulation to a skeletal muscle grafted about a heart upon the sensing of a depolarization within the first or second interval range; detect the occurrence of a first type of arrhythmia when the number of the measured intervals falling within the first interval range equals a first predetermined value; detect the occurrence of a second type of an arrhythmia when the number of the intervals falling within the second interval range equals a second predetermined value; deliver a first type of arrhythmia therapy in response to the detection of the first arrhythmia; and deliver a second type of arrhythmia therapy in response to the detection of the second arrhythmia, the second type of arrhythmia therapy having a cardiac stimulation component and a skeletal muscle component.",device algorithm combined cardiomyostimulator cardiac pacercardioverterdefibrillator particular present device operates first embodiment deliver stimulation skeletal muscle grafted heart sense depolarization patient heart measure interval separating successive depolarization patient heart define first second interval range determine number measured interval falling within first second interval range inhibit delivery stimulation skeletal muscle grafted heart upon sensing depolarization within first second interval range detect occurrence first type arrhythmia number measured interval falling within first interval range equal first predetermined value detect occurrence second type arrhythmia number interval falling within second interval range equal second predetermined value deliver first type arrhythmia therapy response detection first arrhythmia deliver second type arrhythmia therapy response detection second arrhythmia second type arrhythmia therapy cardiac stimulation component skeletal muscle component
US-2016317287-A1,Patent Record US-2016317287-A1,"An intraocular lens (IOL) device comprising a first lens, a second lens and a circumferential haptic. The first lens comprises a pair of opposing and deformable surfaces and a cavity defined therebetween. The first lens has a first lens diameter. The second lens has a second lens diameter. The circumferential haptic has an outer peripheral edge and couples the first lens and the second lens. A main IOL cavity is defined by the circumferential haptic, the first lens and the second lens. The IOL device is resiliently biased to an unaccommodated state, characterized by the IOL device having a first diameter d 1  in the absence of radial compressive forces exerted on the outer peripheral edge. The IOL device actuates to an accommodated state being characterized by a second diameter d 2  in response to radial compressive forces exerted on the outer peripheral edge, wherein d 1 &gt;d 2 .",intraocular lens iol device comprising first lens second lens circumferential haptic first lens comprises pair opposing deformable surface cavity defined therebetween first lens first lens diameter second lens second lens diameter circumferential haptic outer peripheral edge couple first lens second lens main iol cavity defined circumferential haptic first lens second lens iol device resiliently biased unaccommodated state characterized iol device first diameter absence radial compressive force exerted outer peripheral edge iol device actuates accommodated state characterized second diameter response radial compressive force exerted outer peripheral edge wherein gtd
US-5897908-A,Patent Record US-5897908-A,"A physical mixture which consists essentially of compositions of lysine monohydrochloride and potassium chloride alone or admixed with small amounts of succinic acid, in particular weight ratios, and which has a salty taste comparable to table salt (sodium chloride). The mixture masks the bitter aftertaste of the potassium chloride and can provide dietary lysine which is an essential amino acid.",physical mixture consists essentially composition lysine monohydrochloride potassium chloride alone admixed small amount succinic acid particular weight ratio salty taste comparable table salt sodium chloride mixture mask bitter aftertaste potassium chloride provide dietary lysine essential amino acid
US-5197491-A,Patent Record US-5197491-A,"An esophageal-stomach displacement electrode comprises a flexible tubular member designed to be inserted through the esophagus into the stomach. An electrode is carried by the tube in the region of its distal end. The tube is hinged near the distal end which enables that end of the tube to displace angularly in the stomach and displace the stomach wall. The stomach wall displacement may occur by angularly displacing the distal end or by otherwise pulling the tube partially out of the esophagus after its distal end partially displaced toward the stomach wall. A displacement mechanism is disposed in the tube in the region of the hinge and is controlled from a point externally of the body for causing the distal end of the tube to displace angularly, and to be positioned to engage and displace the stomach.",esophagealstomach displacement electrode comprises flexible tubular member designed inserted esophagus stomach electrode carried tube region distal end tube hinged near distal end enables end tube displace angularly stomach displace stomach wall stomach wall displacement may occur angularly displacing distal end otherwise pulling tube partially esophagus distal end partially displaced toward stomach wall displacement mechanism disposed tube region hinge controlled point externally body causing distal end tube displace angularly positioned engage displace stomach
US-2003234490-A1,Patent Record US-2003234490-A1,"A game includes: a playing board; a plurality of tokens representing identities of players playing the game; a plurality of title deed cards; a plurality of game pieces; a source of scrip; a plurality of cards each one of which bears indicia related to one of a penalty, an award and a direction; and at least two elements operable by the players in turn for randomly determining movement of the tokens upon the board. The playing board includes a plurality of successive, contiguous spaces defining a continuous path about a periphery of the board. First second and third sets of the spaces identify properties, such as lake areas, dams and boat dealerships, that may be purchased with scrip by a player landing upon the respective space. Title deeds bear indicia indicating a rental payment.",game includes playing board plurality token representing identity player playing game plurality title deed card plurality game piece source scrip plurality card one bear indicia related one penalty award direction least two element operable player turn randomly determining movement token upon board playing board includes plurality successive contiguous space defining continuous path periphery board first second third set space identify property lake area dam boat dealership may purchased scrip player landing upon respective space title deed bear indicia indicating rental payment
US-2009093778-A1,Patent Record US-2009093778-A1,"Hydrostatic pressure of aqueous solutions—supplied from reservoir under rate control through tube to port of airtightly applied open pore dressing pad—is eliminated by levelling reservoir placed on rest with pad. Dressing pad may overlie a tissue culturing scaffold. A drip chamber with angulated channel permits drops to fall freely and be counted. Injection port elastic membrane prevents air inlet to pad while suction is applied at port, permitting fluid given under rate control through membrane to distribute evenly in pad. A drainage port flange, wholly covered by an open grid, is described. Acute wound bleeding is detected by computer-controlled serial weighing of a movement-stabilized drainage fluid canister with warning of abnormal flow rate increase.",hydrostatic pressure aqueous solutionssupplied reservoir rate control tube port airtightly applied open pore dressing padis eliminated levelling reservoir placed rest pad dressing pad may overlie tissue culturing scaffold drip chamber angulated channel permit drop fall freely counted injection port elastic membrane prevents air inlet pad suction applied port permitting fluid given rate control membrane distribute evenly pad drainage port flange wholly covered open grid described acute wound bleeding detected computercontrolled serial weighing movementstabilized drainage fluid canister warning abnormal flow rate increase
US-9211197-B2,Patent Record US-9211197-B2,The instant invention is a longitudinally adjustable corpectomy device which fits within the intervertebral distracted channel. A ratchet mechanism allows for an extendable member to adjust to a longer length to accommodate a distracted channel. The ratchet type mechanism allows the members to move in a unidirectional movement to prevent the two members from contracting once expanded.,instant invention longitudinally adjustable corpectomy device fit within intervertebral distracted channel ratchet mechanism allows extendable member adjust longer length accommodate distracted channel ratchet type mechanism allows member move unidirectional movement prevent two member contracting expanded
US-6960181-B2,Patent Record US-6960181-B2,"An irrigation dressing is provided including a hollow inflatable tubulardam with a central opening adapted to surround the wound of the individual. A semi-hard resilient clear plastic window is attached to the dam, such that the central opening is completely enclosed on a front surface of the dam. The dressing includes an inner peripheral ridge and an outer peripheral ridge extending beyond a bottom or back body-engaging surface of the dam which facilitates drawing a vacuum. A plurality of connectors are attached to a front planar face surface of the clear plastic window. At least one connector is pivotable about an axis parallel to the front planar surface of the window. A self-sealing plug is disposed inside the dam so that the dam can be inflated to selected pressures using an associated hypodermic needle or the like.",irrigation dressing provided including hollow inflatable tubulardam central opening adapted surround wound individual semihard resilient clear plastic window attached dam central opening completely enclosed front surface dam dressing includes inner peripheral ridge outer peripheral ridge extending beyond bottom back bodyengaging surface dam facilitates drawing vacuum plurality connector attached front planar face surface clear plastic window least one connector pivotable axis parallel front planar surface window selfsealing plug disposed inside dam dam inflated selected pressure using associated hypodermic needle like
US-2016175216-A1,Patent Record US-2016175216-A1,"Methods and compositions for stimulating the growth of hair are disclosed wherein said compositions include a cyclopentane heptanoic acid, 2-cycloalkyl or arylalkyl compound represented by the formula I 
     
       
                 
         
             
             
         
       
     
     wherein the dashed bonds represent a single or double bond which can be in the cis or trans configuration, A, B, Z, X, R 1  and R 2  are as defined in the specification. Such compositions are used in treating the skin or scalp of a human or non-human animal. Bimatoprost is preferred for this treatment.",method composition stimulating growth hair disclosed wherein said composition include cyclopentane heptanoic acid cycloalkyl arylalkyl compound represented formula wherein dashed bond represent single double bond ci trans configuration b z x r r defined specification composition used treating skin scalp human nonhuman animal bimatoprost preferred treatment
US-6672602-B2,Patent Record US-6672602-B2,"A gravity driven steerable vehicle having wheels, or skis or a combination of wheels and skis for recreational use, most particularly on surfaces such as pavement, artificial hard-pack turf, mountain slopes, dirt roads, grass and hard-packed or non-packed snow. The vehicle has at least three (3) but preferably four (4) wheels, or skis or a combination of wheels and skis which may or may not be on independent axles one from the other and which may or may not be each independently shock suspended. There is also a steering mechanism for steering the vehicle and a driver compartment portion for containing a driver of the vehicle in a prone face-down and face-forward position. The vehicle is steerable by the driver from the prone face-down and face-forward position. The mechanism for suspension of the wheels and/or skis is configured to provide precise control in turns especially the carving of turns, by the skis, while descending on snow covered terrain. The attitude of the skis relative to the snow surface changes upon initiation of a turn and while in the turn to increase the edgeing of the skis thereby enhancing the turning characteristics of the vehicle. The vehicle may further have a braking system for slowing or stopping the vehicle and a harness apparatus for harnessing the driver onto and into the vehicle.",gravity driven steerable vehicle wheel ski combination wheel ski recreational use particularly surface pavement artificial hardpack turf mountain slope dirt road grass hardpacked nonpacked snow vehicle least three preferably four wheel ski combination wheel ski may may independent axle one may may independently shock suspended also steering mechanism steering vehicle driver compartment portion containing driver vehicle prone facedown faceforward position vehicle steerable driver prone facedown faceforward position mechanism suspension wheel andor ski configured provide precise control turn especially carving turn ski descending snow covered terrain attitude ski relative snow surface change upon initiation turn turn increase edgeing ski thereby enhancing turning characteristic vehicle vehicle may braking system slowing stopping vehicle harness apparatus harnessing driver onto vehicle
US-8335555-B2,Patent Record US-8335555-B2,"A wave-based tomographic imaging method and apparatus based upon one or more rotating radially outward oriented transmitting and receiving elements have been developed for non-destructive evaluation. At successive angular locations at a fixed radius, a predetermined transmitting element can launch a primary field and one or more predetermined receiving elements can collect the backscattered field in a “pitch/catch” operation. A Hilbert space inverse wave (HSIW) algorithm can construct images of the received scattered energy waves using operating modes chosen for a particular application. Applications include, improved intravascular imaging, bore hole tomography, and non-destructive evaluation (NDE) of parts having existing access holes.",wavebased tomographic imaging method apparatus based upon one rotating radially outward oriented transmitting receiving element developed nondestructive evaluation successive angular location fixed radius predetermined transmitting element launch primary field one predetermined receiving element collect backscattered field pitchcatch operation hilbert space inverse wave hsiw algorithm construct image received scattered energy wave using operating mode chosen particular application application include improved intravascular imaging bore hole tomography nondestructive evaluation nde part existing access hole
US-5913286-A,Patent Record US-5913286-A,Method and apparatus for loading a poultry coop. Each compartment in the coop has a rectangular frame opening which is blocked or unblocked by a pivoted door. A flexible vision blocking curtain is hung across the opening to prevent the escape of any poultry during the loading procedure.,method apparatus loading poultry coop compartment coop rectangular frame opening blocked unblocked pivoted door flexible vision blocking curtain hung across opening prevent escape poultry loading procedure
US-9820958-B2,Patent Record US-9820958-B2,"This invention relates to a biological oil composition, preferably obtained from a copepod, most preferably the copepod  Calanus finmarchicus  and the use thereof to prevent or treat formation of atherosclerotic plaques and hence development of coronary heart disease. The composition comprises the same marine n-3 polyunsaturated fatty acids (PUFAs) generally regarded as being responsible for the anti-atherosclerotic effect of marine oils, namely EPA (C20:5n-3 eicosapentaenoic acid) and DHA (C22:6n-3 docosahexaenoic acid). However, quite unexpectedly, it has been found that the oil composition of the present invention has a remarkably higher ability to prevent formation of atherosclerotic plaques than what can be attributed to EPA and DHA alone, and moreover, unlike EPA and DHA alone it has a notable blood cholesterol lowering effect.",invention relates biological oil composition preferably obtained copepod preferably copepod calanus finmarchicus use thereof prevent treat formation atherosclerotic plaque hence development coronary heart disease composition comprises marine n polyunsaturated fatty acid pufas generally regarded responsible antiatherosclerotic effect marine oil namely epa cn eicosapentaenoic acid dha cn docosahexaenoic acid however quite unexpectedly found oil composition present invention remarkably higher ability prevent formation atherosclerotic plaque attributed epa dha alone moreover unlike epa dha alone notable blood cholesterol lowering effect
US-5700459-A,Patent Record US-5700459-A,"The invention relates to a pharmacological composition comprising a polyelectrolyte complex, in particular a polyacid with an average particle size of less than 15 μm and an active agent, among which are active peptides, proteins, enzymes, enzyme inhibitors, antigens, cytostatics, antiinflamatory agents, antibiotics and vaccines. The said composition ensures that the active agent is converted in a non-deleterious manner into a form which can be administered. In addition, the biodistribution, bioavailability and absorption of the pharmaceutical are beneficially affected.",invention relates pharmacological composition comprising polyelectrolyte complex particular polyacid average particle size less active agent among active peptide protein enzyme enzyme inhibitor antigen cytostatics antiinflamatory agent antibiotic vaccine said composition ensures active agent converted nondeleterious manner form administered addition biodistribution bioavailability absorption pharmaceutical beneficially affected
US-5259503-A,Patent Record US-5259503-A,"A container of combustible material is provided for disposal, in an ecologically satisfactory manner, of septic bodies, such as a used sanitary napkin, tampon or bandage. The container comprises two parts, with at least one part providing an open, obstructed space for the reception of the septic body. One of the parts of the container has an adhesive body which completely encircles it. The adhesive body is initially protected by a removable cover. When the parts are assembled, so that both parts are in contact with the adhesive, the adhesive provides a continuous bonding of the parts of the container to hermetically seal the container. The adhesive is sufficiently strong to prevent manual separation of the parts. The container may be used to ship and store an aseptic body, prior to use, and then be used for the reception, sealing and disposal of the same or a similar body which has become septic.",container combustible material provided disposal ecologically satisfactory manner septic body used sanitary napkin tampon bandage container comprises two part least one part providing open obstructed space reception septic body one part container adhesive body completely encircles adhesive body initially protected removable cover part assembled part contact adhesive adhesive provides continuous bonding part container hermetically seal container adhesive sufficiently strong prevent manual separation part container may used ship store aseptic body prior use used reception sealing disposal similar body become septic
US-2002002137-A1,Patent Record US-2002002137-A1,"This invention is directed to combinations comprising a growth hormone secretagogue, a prodrug thereof or a pharmaceutically acceptable salt of said growth hormone secretagogue or said prodrug and an antidepressant, a prodrug thereof or a pharmaceutically acceptable salt of said antidepressant or said prodrug and to pharmaceutical compositions and kits comprising such combinations. Antidepressants within the scope of this invention include norepinephrine reuptake inhibitors (e.g., secondary and tertiary amine tricyclics), selective sertraline reuptake inhibitors, agents which are combined norepinephrine/sertraline reuptake inhibitors, monoamine oxidase inhibitors and atypical antidepressants. This invention is also directed to methods of improving the physical and/or psychological condition of a patient undergoing a medical procedure, to methods of treating musculoskeletal frailty, to methods of treating congestive heart failure and to methods of attenuating protein catabolic response after a major operation comprising administering such a combination. In particular, this invention relates to such compositions and kits that improve the cardiac function, metabolism, muscle tone and/or mental state of patients undergoing a medical procedure. The compositions and kits of this invention are also useful in treating central nervous system disorders of patients undergoing a medical procedure.",invention directed combination comprising growth hormone secretagogue prodrug thereof pharmaceutically acceptable salt said growth hormone secretagogue said prodrug antidepressant prodrug thereof pharmaceutically acceptable salt said antidepressant said prodrug pharmaceutical composition kit comprising combination antidepressant within scope invention include norepinephrine reuptake inhibitor eg secondary tertiary amine tricyclic selective sertraline reuptake inhibitor agent combined norepinephrinesertraline reuptake inhibitor monoamine oxidase inhibitor atypical antidepressant invention also directed method improving physical andor psychological condition patient undergoing medical procedure method treating musculoskeletal frailty method treating congestive heart failure method attenuating protein catabolic response major operation comprising administering combination particular invention relates composition kit improve cardiac function metabolism muscle tone andor mental state patient undergoing medical procedure composition kit invention also useful treating central nervous system disorder patient undergoing medical procedure
US-2011183823-A1,Patent Record US-2011183823-A1,"A free-standing exercise apparatus is provided which comprises a base, at least one leg extending, in use, upwardly from the base, and a substantially horizontal bar attached to the at least one leg at an end substantially opposite to the base, wherein the bar has a substantially rectilinear first portion and at least one second portion arranged substantially in the same plane as, but substantially non-perpendicularly to, the first portion.",freestanding exercise apparatus provided comprises base least one leg extending use upwardly base substantially horizontal bar attached least one leg end substantially opposite base wherein bar substantially rectilinear first portion least one second portion arranged substantially plane substantially nonperpendicularly first portion
US-2012015878-A1,Patent Record US-2012015878-A1,"This invention relates to the use of ADNF polypeptides in the treatment of anxiety and/or depression. The present invention also relates to drug discovery assays using the ADNF polypeptide mechanism of action and target interaction, as well as the manufacture of medicaments, methods of application and formulation therefor. Embodiments of the invention provide methods for preventing and/or treating anxiety and depression disorders in a subject by administering a NAP, an 8-amino-acid peptide derived from Activity Dependent Neurotrophic Factor (ADNF III), in an amount sufficient to improve postnatal performance. The ADNF polypeptides include ADNF I and ADNF III (also referred to as ADNP) polypeptides, analogs, subsequences, and D-amino acid versions (either wholly D-amino acid peptides or mixed D- and L-amino acid peptides), and combinations thereof which contain their respective active core sites and provide neuroprotective and anti-anxiety functions.",invention relates use adnf polypeptide treatment anxiety andor depression present invention also relates drug discovery assay using adnf polypeptide mechanism action target interaction well manufacture medicament method application formulation therefor embodiment invention provide method preventing andor treating anxiety depression disorder subject administering nap aminoacid peptide derived activity dependent neurotrophic factor adnf iii amount sufficient improve postnatal performance adnf polypeptide include adnf adnf iii also referred adnp polypeptide analog subsequence damino acid version either wholly damino acid peptide mixed lamino acid peptide combination thereof contain respective active core site provide neuroprotective antianxiety function
US-2008314893-A1,Patent Record US-2008314893-A1,"An electrical heating device is disclosed that is suitable to vaporize air treatment chemicals from an impregnated substrate. The device is provided with a PCT heater held between electrical contacts and a spring that is compressed between the housing of the heating device and one of the electrical contacts to maintain pressure thereon in spite of thermal expansion of the housing, ensuring good electrical contact between the PCT heater and the electrical contacts.",electrical heating device disclosed suitable vaporize air treatment chemical impregnated substrate device provided pct heater held electrical contact spring compressed housing heating device one electrical contact maintain pressure thereon spite thermal expansion housing ensuring good electrical contact pct heater electrical contact
US-5772533-A,Patent Record US-5772533-A,"A small, lightweight golf ball teeing device is disclosed for allowing a golfer to tee up a golf ball without bending over using a golf club as a handle for the device. A housing positions the golf ball over the golf tee. A delayed urging means is used to clamp the ball and tee to the housing. While the tee is inserted into the ground, the delayed urging means compresses and rebounds slowly releasing the ball and tee from the device. Gripping fingers are positioned on top of the housing to provide a secure, aligned attachment to a golf club grip. An opening in the housing permits horizontal golf tees to be scooped up without bending. A clip is incorporated with the housing to provide attachment to golf bags, belts, etc.",small lightweight golf ball teeing device disclosed allowing golfer tee golf ball without bending using golf club handle device housing position golf ball golf tee delayed urging mean used clamp ball tee housing tee inserted ground delayed urging mean compress rebound slowly releasing ball tee device gripping finger positioned top housing provide secure aligned attachment golf club grip opening housing permit horizontal golf tee scooped without bending clip incorporated housing provide attachment golf bag belt etc
US-2015250665-A1,Patent Record US-2015250665-A1,"A patient support apparatus includes a frame having a first portion that is movable between a raised position and a lowered position to change an elevation at which a person is supported above a floor. Castors are coupled to the frame and are configured to rest upon the floor. An actuator is movable between a brake position in which at least one castor of the castors is braked and a release position in which the at least one castor is released. As the first portion of the frame is moved to the lowered position, the first portion automatically engages the actuator and moves the actuator to the brake position thereby to automatically brake the at least one castor.",patient support apparatus includes frame first portion movable raised position lowered position change elevation person supported floor castor coupled frame configured rest upon floor actuator movable brake position least one castor castor braked release position least one castor released first portion frame moved lowered position first portion automatically engages actuator move actuator brake position thereby automatically brake least one castor
US-4846184-A,Patent Record US-4846184-A,"A probe comprising a casing of which one face which will be in contact with the skin is providied with an aperture, is connected to a measuring device by means of a flexible connection in fiber optics comprising at least three optical conductors which, at a first end, are secured in the casing of the probe such as to face the aperture thereof, the first and second conductors having their first end portions directed respectively in a first and a second directions which are symmetrical to each other with respect to an axis extending normally through the aperture, while the third conductor has its first end portion directed in another direction than said second direction.",probe comprising casing one face contact skin providied aperture connected measuring device mean flexible connection fiber optic comprising least three optical conductor first end secured casing probe face aperture thereof first second conductor first end portion directed respectively first second direction symmetrical respect axis extending normally aperture third conductor first end portion directed another direction said second direction
US-9392882-B2,Patent Record US-9392882-B2,A merchandising system for a displaying a plurality of products is disclosed. The system comprises a base and a pusher member. The base includes a product-supporting surface and a track disposed beneath the product-supporting surface. The base defines a longitudinal axis. The pusher member is disposed in mechanical cooperation with the base and is configured to slide longitudinally with respect to the base. The pusher member includes a base-contacting surface and a plurality of legs downwardly depending from the base-contacting surface. Each of the plurality of legs is configured to mechanically engage the track. The track includes a discontinuity to enable the legs of the pusher member to selectively mechanically engage the track.,merchandising system displaying plurality product disclosed system comprises base pusher member base includes productsupporting surface track disposed beneath productsupporting surface base defines longitudinal axis pusher member disposed mechanical cooperation base configured slide longitudinally respect base pusher member includes basecontacting surface plurality leg downwardly depending basecontacting surface plurality leg configured mechanically engage track track includes discontinuity enable leg pusher member selectively mechanically engage track
US-7124907-B2,Patent Record US-7124907-B2,"A closure for a container adapted to house a beverage therein, the closure comprising: (a) a cap having a mating feature adapted to interface with a corresponding feature of a container to secure the cap thereto, the cap also including an orifice therethrough and a channel therewithin, the channel being adapted to receive a sliding member therein; and (b) a flexible conduit adapted to be in fluid communication with a beverage within the container, wherein the sliding member is operative to position the flexible conduit between an open position and a closed position, where the open position enables fluid communication between a drinking end and an interior of the container.",closure container adapted house beverage therein closure comprising cap mating feature adapted interface corresponding feature container secure cap thereto cap also including orifice therethrough channel therewithin channel adapted receive sliding member therein b flexible conduit adapted fluid communication beverage within container wherein sliding member operative position flexible conduit open position closed position open position enables fluid communication drinking end interior container
US-4164940-A,Patent Record US-4164940-A,Apparatus for cleaning teeth and the gingival crevices and for massaging the gums is disclosed. The apparatus comprising a mouthpiece having an upper channel member adapted to fit over at least a part of the upper dentation and to snugly engage the upper gum and a lower channel member adapted to fit over at least a part of the lower dentation and to snugly engage the lower gum. The upper and lower channels are joined by a membrane means which form fluid chambers. Pneumatic means are provided to move the upper and lower channel members upward and downward over the respective gums to massage the gums. In addition water or any suitable cleaning fluid is introduced into and out of the apparatus to clean the teeth and gingival crevices and to provide lubrication for the massaging action of the pneumatic means.,apparatus cleaning teeth gingival crevice massaging gum disclosed apparatus comprising mouthpiece upper channel member adapted fit least part upper dentation snugly engage upper gum lower channel member adapted fit least part lower dentation snugly engage lower gum upper lower channel joined membrane mean form fluid chamber pneumatic mean provided move upper lower channel member upward downward respective gum massage gum addition water suitable cleaning fluid introduced apparatus clean teeth gingival crevice provide lubrication massaging action pneumatic mean
US-2013305538-A1,Patent Record US-2013305538-A1,"A device is provided for cutting and/or de-silking corn on the cob. A single unit has a base and a removable cover. A brush for use in removing silks is mounted on one side of the base, and a cutter is mounted on the other side. When it is desired to use the tool on one side instead of the other, the cover is placed over the other tool. The cover then is used as an easy-to-grip palm-fitting structure to push the brush or the cutter along the ear of corn.",device provided cutting andor desilking corn cob single unit base removable cover brush use removing silk mounted one side base cutter mounted side desired use tool one side instead cover placed tool cover used easytogrip palmfitting structure push brush cutter along ear corn
US-5024281-A,Patent Record US-5024281-A,"A reversible moldboard plow has a plow carrying beam swingably mounted at the rear crossbar of a frame which carries trunnion mounted cylinders connected to the beam for moving the beam, the front of the frame carrying hitch pins for connection to a tractor hitch, the hitch pins being vertically movable in alternate relation in order to tilt the frame and the beam with the moldboards supported thereon. The hitch pins may be moved by independent cylinders and pistons or, alternately, by the movement of a transverse hitch bar on which they are mounted.",reversible moldboard plow plow carrying beam swingably mounted rear crossbar frame carry trunnion mounted cylinder connected beam moving beam front frame carrying hitch pin connection tractor hitch hitch pin vertically movable alternate relation order tilt frame beam moldboard supported thereon hitch pin may moved independent cylinder piston alternately movement transverse hitch bar mounted
US-2010286472-A1,Patent Record US-2010286472-A1,"In one aspect, the present invention may be directed to a needle for surgical threading of a strap of an implant through a tissue, the needle comprising: a trap for trapping the strap to the needle while the needle may be at the accessible side of the tissue; a tip for threading the trapped strap from the accessible side to the opposing side; and a mechanism for releasing the trap, the mechanism driven from the accessible side of the tissue, thereby allowing return of the tip to the accessible side of the tissue while abandoning the strap at the threaded point, thus performing the threading from the accessible side of the tissue.",one aspect present invention may directed needle surgical threading strap implant tissue needle comprising trap trapping strap needle needle may accessible side tissue tip threading trapped strap accessible side opposing side mechanism releasing trap mechanism driven accessible side tissue thereby allowing return tip accessible side tissue abandoning strap threaded point thus performing threading accessible side tissue
US-2006150974-A1,Patent Record US-2006150974-A1,"The apparatus provides for the determination of the instantaneous phase in the respiratory cycle, subject&#39;s average respiration rate and the provision of ventilatory assistance. A microprocessor ( 16 ) receives an airflow signal from a pressure transducer ( 18 ) coupled to a port ( 17 ) at a mask ( 11 ). The microprocessor ( 16 ) controls a servo ( 19 ), that in turn controls the fan motor ( 20 ) and thus the pressure of air delivered by the blower ( 10 ). The blower ( 10 ) is coupled to a subject&#39;s mask (ii) by a conduit ( 12 ). The invention seeks to address the following goals: while the subject is awake and making substantial efforts the delivered assistance should be closely matched in phase with the subject&#39;s efforts; the machine should automatically adjust the degree of assistance to maintain at least a specified minimum ventilation without relying on the integrity of the subject&#39;s chemoreflexes; and it should continue to work correctly in the pesence of large leaks.",apparatus provides determination instantaneous phase respiratory cycle subject average respiration rate provision ventilatory assistance microprocessor receives airflow signal pressure transducer coupled port mask microprocessor control servo turn control fan motor thus pressure air delivered blower blower coupled subject mask ii conduit invention seek address following goal subject awake making substantial effort delivered assistance closely matched phase subject effort machine automatically adjust degree assistance maintain least specified minimum ventilation without relying integrity subject chemoreflexes continue work correctly pesence large leak
US-2015342714-A1,Patent Record US-2015342714-A1,"A dispensing system comprising a discharge tool in the form of a compule gun and a replaceable dispensing container in the form of a compule for dental compound. The dispensing container comprises a housing, on the inside of which a slide surface is formed that is intended for engagement with a plunger. The housing encloses an interior and is provided with an outlet channel. A portion of a needle is inserted into the outlet channel. A gap is present between the circumference of the needle and the outlet channel. An adhesive is introduced into the gap. A ram in the discharge tool engages the plunger. A method also produces a dispensing system of this kind.",dispensing system comprising discharge tool form compule gun replaceable dispensing container form compule dental compound dispensing container comprises housing inside slide surface formed intended engagement plunger housing encloses interior provided outlet channel portion needle inserted outlet channel gap present circumference needle outlet channel adhesive introduced gap ram discharge tool engages plunger method also produce dispensing system kind
US-5865383-A,Patent Record US-5865383-A,"A grinder for grinding materials to produce a ground substance. The grinder includes a cabinet, a grinder motor retained in the cabinet, and a grinder mechanism coupled to the motor to grind the materials. A hopper is positioned in communication with the grinder mechanism to deliver materials for grinding. The container retainer is attached to the grinder for retaining a container in close proximity for capturing ground material dispensed thereby. An activation switch assembly is included with the grinder to selectively control the grinder and activate the grinder when a container is placed in a desired location. A substance settling assembly is included with the grinder for removing a container retained by the grinder to settle the substance as it is dispensed from the grinder to the container. A chaff retainer is provided for maintaining chaff included with the ground substance in mixture with the ground substance. A clean-out member is operatively attached to the grinder and selectively engageable with the chaff retainer for removing chaff from the grinder. A magnetic collection device is positioned in the hopper for capturing magnetic pieces which may be deposited in the hopper. An active ventilation system is also included with the grinder for actively and controllably removing heat from the grinder cabinet.",grinder grinding material produce ground substance grinder includes cabinet grinder motor retained cabinet grinder mechanism coupled motor grind material hopper positioned communication grinder mechanism deliver material grinding container retainer attached grinder retaining container close proximity capturing ground material dispensed thereby activation switch assembly included grinder selectively control grinder activate grinder container placed desired location substance settling assembly included grinder removing container retained grinder settle substance dispensed grinder container chaff retainer provided maintaining chaff included ground substance mixture ground substance cleanout member operatively attached grinder selectively engageable chaff retainer removing chaff grinder magnetic collection device positioned hopper capturing magnetic piece may deposited hopper active ventilation system also included grinder actively controllably removing heat grinder cabinet
US-9066718-B2,Patent Record US-9066718-B2,"Apparatus and methods for performing a surgical anastomotic procedure are disclosed herein. Apparatus according to the present disclosure include at least one fastener including a first fastener portion having an anchoring leg portion, a second fastener portion including an anchoring leg portion, wherein the first and second fastener portions are operatively associated with one another to selectively fix the position of the first fastener portion relative to the second fastener portion.",apparatus method performing surgical anastomotic procedure disclosed herein apparatus according present disclosure include least one fastener including first fastener portion anchoring leg portion second fastener portion including anchoring leg portion wherein first second fastener portion operatively associated one another selectively fix position first fastener portion relative second fastener portion
US-5261906-A,Patent Record US-5261906-A,"An electro-surgical dissecting and cauterization tool comprises a linear, rigid insulating sleeve surrounding means providing an electric conducting path between a proximal, electric plug end and working tip electrode distal end. The plug attaches the tool to a conventional electro-surgical unit which supplies electrical energy to the working tip electrode end of the tool. A rigid arm extends between the sleeve and the working tip electrode and includes portions laterally offset from the main axis of the sleeve to increase visualization of the working tip electrode during surgery.",electrosurgical dissecting cauterization tool comprises linear rigid insulating sleeve surrounding mean providing electric conducting path proximal electric plug end working tip electrode distal end plug attache tool conventional electrosurgical unit supply electrical energy working tip electrode end tool rigid arm extends sleeve working tip electrode includes portion laterally offset main axis sleeve increase visualization working tip electrode surgery
US-6414486-B1,Patent Record US-6414486-B1,"A magnetic resonance imaging apparatus has a magnet with at least one patient receptacle and at least one support plate, as well as a predetermined number of transmit and/or receive coils. In at least two predetermined exposure positions, at least one exposure respectively takes place using predetermined adjustment parameters. High-contrast exposures can be obtained in a short time, by the required adjustment parameters being determined in a preceding adjustment process, and the exposures are carried out in a subsequent exposure process.",magnetic resonance imaging apparatus magnet least one patient receptacle least one support plate well predetermined number transmit andor receive coil least two predetermined exposure position least one exposure respectively take place using predetermined adjustment parameter highcontrast exposure obtained short time required adjustment parameter determined preceding adjustment process exposure carried subsequent exposure process
US-4267839-A,Patent Record US-4267839-A,A forcep-like instrument is provided for mounting and ejecting either an elastic band or a hood for an occlusion procedure.,forceplike instrument provided mounting ejecting either elastic band hood occlusion procedure
US-2006124130-A1,Patent Record US-2006124130-A1,"The present invention refers to a ventilation system used in hospital respiratory devices for the administration of anesthesia to newly born, pediatric and adult patients. More specifically, the present invention refers to a ventilation system that promotes a respiratory circuit with re-inhalation for the administration of anesthesia and that overcomes all inconveniences and deficiencies existing in respiratory devices of the state of the art. The ventilation system in respiratory devices comprises a bellows assembled within a reservoir, which is provided with a manifold with various gas exhaling valves, more specifically release valves to take out the excess of gases, and an exhaling valve for control gases. It is additionally constituted of a valve for the free flow of oxygen to quickly renew or replace the gases inside the respiratory circuit.",present invention refers ventilation system used hospital respiratory device administration anesthesia newly born pediatric adult patient specifically present invention refers ventilation system promotes respiratory circuit reinhalation administration anesthesia overcomes inconvenience deficiency existing respiratory device state art ventilation system respiratory device comprises bellow assembled within reservoir provided manifold various gas exhaling valve specifically release valve take excess gas exhaling valve control gas additionally constituted valve free flow oxygen quickly renew replace gas inside respiratory circuit
US-9844486-B2,Patent Record US-9844486-B2,"A vibratory massaging device having a spaced plurality of proximity sensors distributed on a massaging surface of the device, and a control circuit operative for controlling vibratory intensities in response to activation of particular ones of the sensors being close to a user&#39;s body parts being massaged. The device can be configured as a dildo, including both main and secondary vibrators, the secondary vibrator being within an arm portion that is configured for clitoral stimulation. At least one of the vibrators is automatically driven at increased intensity as penetration increases.",vibratory massaging device spaced plurality proximity sensor distributed massaging surface device control circuit operative controlling vibratory intensity response activation particular one sensor close user body part massaged device configured dildo including main secondary vibrator secondary vibrator within arm portion configured clitoral stimulation least one vibrator automatically driven increased intensity penetration increase
US-8140148-B2,Patent Record US-8140148-B2,"A disposable high-density, optically readable polydeoxynucleotide array with integral fluorescence excitation and fluorescence emission channels is described. The compact array size allows integration into several types of interventional devices such as catheters, guidewires, needles, and trocars and may be used intraoperatively. Highly sensitive monitoring of the metabolic and disease pathways of cells in vivo under varying chemical, genetic, and environmental conditions is afforded.",disposable highdensity optically readable polydeoxynucleotide array integral fluorescence excitation fluorescence emission channel described compact array size allows integration several type interventional device catheter guidewires needle trocars may used intraoperatively highly sensitive monitoring metabolic disease pathway cell vivo varying chemical genetic environmental condition afforded
US-2005098231-A1,Patent Record US-2005098231-A1,"A control coupling for a delimbing and cutting apparatus, provided for feeding means and for changing their feeding speed, and comprising at least two feed motors driven by a pressurized medium, each of the motors being intended to drive a feeding means which is intended to be placed against a tree trunk and to feed the tree trunk through said apparatus, a first channel, via which the pressurized medium can be supplied to the first feed motor and alternatively returned therefrom, and a second channel, via which the pressurized medium can be returned from the second feed motor and alternatively supplied to the same. Said feed motors are multi-capacity motors, wherein each motor has at least a first rotational capacity and at least a second rotational capacity as well as a first and a second basic connection for each capacity. The first basic connections of each motor are coupled together as a first connection , and the second basic connections of each motor constitute a second connection and a third connection, which are separate. The control coupling further comprises first valve means for coupling at least two different feeding speeds in operation, wherein the valve means are arranged to couple desired connections and channellings together.",control coupling delimbing cutting apparatus provided feeding mean changing feeding speed comprising least two feed motor driven pressurized medium motor intended drive feeding mean intended placed tree trunk feed tree trunk said apparatus first channel via pressurized medium supplied first feed motor alternatively returned therefrom second channel via pressurized medium returned second feed motor alternatively supplied said feed motor multicapacity motor wherein motor least first rotational capacity least second rotational capacity well first second basic connection capacity first basic connection motor coupled together first connection second basic connection motor constitute second connection third connection separate control coupling comprises first valve mean coupling least two different feeding speed operation wherein valve mean arranged couple desired connection channellings together
US-2011020427-A1,Patent Record US-2011020427-A1,"This invention is directed to methods of treating solid tumor cancers, particularly refractory cancers by administration of two pluralities of microparticles, one comprising drug-carrying microparticles sized to lodge at the tumor preferably in the capillary bed of the tumor and the other comprising non-drug-carrying microparticles sized to lodge in the arterial system servicing the tumor so as to embolize the tumor.",invention directed method treating solid tumor cancer particularly refractory cancer administration two plurality microparticles one comprising drugcarrying microparticles sized lodge tumor preferably capillary bed tumor comprising nondrugcarrying microparticles sized lodge arterial system servicing tumor embolize tumor
US-2003120200-A1,Patent Record US-2003120200-A1,"Surgical methods and related medical devices for treating glaucoma are disclosed. The method comprises trabecular bypass surgery, which involve bypassing diseased trabecular meshwork with the use of a seton implant. The seton implant is used to prevent a healing process known as filling in, which has a tendency to close surgically created openings in the trabecular meshwork. The surgical method and novel implant are addressed to the trabecular meshwork, which is a major site of resistance to outflow in glaucoma. In addition to bypassing the diseased trabecular meshwork at the level of the trabecular meshwork, existing outflow pathways are also used or restored. The seton implant is positioned through the trabecular meshwork so that an inlet end of the seton implant is exposed to the anterior chamber of the eye and an outlet end is positioned into fluid collection channels at about an exterior surface of the trabecular meshwork or up to the level of aqueous veins.",surgical method related medical device treating glaucoma disclosed method comprises trabecular bypass surgery involve bypassing diseased trabecular meshwork use seton implant seton implant used prevent healing process known filling tendency close surgically created opening trabecular meshwork surgical method novel implant addressed trabecular meshwork major site resistance outflow glaucoma addition bypassing diseased trabecular meshwork level trabecular meshwork existing outflow pathway also used restored seton implant positioned trabecular meshwork inlet end seton implant exposed anterior chamber eye outlet end positioned fluid collection channel exterior surface trabecular meshwork level aqueous vein
US-4046380-A,Patent Record US-4046380-A,"A competitive action game apparatus including a game board having a playing surface thereon. The playing surface has a high section intermediate each of a pair of opposed player ends and extends downwardly toward each of such player ends. A goal area is located at each of the opposed player ends. A rebound frame surrounds the playing surface except at the goal areas to retain a playing piece in the form of a ball on the surface. The playing surface is generally solid and continuous and uninterrupted between each of the goal areas. Manually shiftable support members are located in front of each of the goal areas and are capable of being shifted transversely in a direction substantially perpendicular to a line extending between the opposed playing ends. A pair of actuable striker elements, which may adopt the form of flippers, are disposed on each of the support members, and are manually actuated by means on the support members. Each player can shift his support member from side to side and can also actuate his flippers to strike the playing piece so as to protect his own goal while attempting to propel the ball into his opponent&#39;s goal. The double incline of the playing surface insures that the ball will not stall at an intermediate portion of the playing surface, but will always move down one or the other of the inclines toward a player area where it can be engaged by a striker element. This arrangement permits the use of striker elements which have limited movement such that portions of the playing surface are not within the reach of any of the striker elements.",competitive action game apparatus including game board playing surface thereon playing surface high section intermediate pair opposed player end extends downwardly toward player end goal area located opposed player end rebound frame surround playing surface except goal area retain playing piece form ball surface playing surface generally solid continuous uninterrupted goal area manually shiftable support member located front goal area capable shifted transversely direction substantially perpendicular line extending opposed playing end pair actuable striker element may adopt form flipper disposed support member manually actuated mean support member player shift support member side side also actuate flipper strike playing piece protect goal attempting propel ball opponent goal double incline playing surface insures ball stall intermediate portion playing surface always move one incline toward player area engaged striker element arrangement permit use striker element limited movement portion playing surface within reach striker element
US-5573498-A,Patent Record US-5573498-A,A chest covering shell (4) of springy material for fitting over a patient&#39;s chest is coupled to an air oscillator. Changes in air pressure in the shell (40) cause ventilation of the patient. A back plate (10) can be used which has vertically extending supports (14) for engagement with the sides (28) of the shell (40) so as to support them and prevent their flexing during use. The edge of the shell (4) has a seal (50 which runs continuously around the periphery of the shell (40). The seal (50) can include an inwardly directed flap (56) in order to provide an effective seal when positive pressures are applied under the shell (40). A backing pad (58) comprising an evacuatable envelope containing solid particles can be used which is able to support the shell (40) and seal against the patient. The pad (58) can be deformed by the weight of the patient and can be evacuated via air outlet (70) to stiffen the envelope by compression of the particle.,chest covering shell springy material fitting patient chest coupled air oscillator change air pressure shell cause ventilation patient back plate used vertically extending support engagement side shell support prevent flexing use edge shell seal run continuously around periphery shell seal include inwardly directed flap order provide effective seal positive pressure applied shell backing pad comprising evacuatable envelope containing solid particle used able support shell seal patient pad deformed weight patient evacuated via air outlet stiffen envelope compression particle
US-2003060745-A1,Patent Record US-2003060745-A1,A knee brace hinge deflector is provided for preventing interference and/or locking of the medial hinges of bilateral knee braces. The hinge deflector includes a shell having rounded surfaces for encasing a first medial hinge assembly and deflecting a second medial hinge assembly of bilaterally worn knee braces.,knee brace hinge deflector provided preventing interference andor locking medial hinge bilateral knee brace hinge deflector includes shell rounded surface encasing first medial hinge assembly deflecting second medial hinge assembly bilaterally worn knee brace
US-8609163-B2,Patent Record US-8609163-B2,"According to this invention there a novel herbal formulation for the prevention and management of coronary heart disease and associated CHD risk factors, comprising, preparing a hydromethanolic extract of at least two plants selected from of  Withania somnifera, Costus speciosus, Hippophae rhamnoides  and  Terminalia arjuna  at 60-80° C., maintaining the pH of the solution between 7-10, separating the active compounds chromatographically, subjecting the active compounds to the step of molecular characterization.",according invention novel herbal formulation prevention management coronary heart disease associated chd risk factor comprising preparing hydromethanolic extract least two plant selected withania somnifera costus speciosus hippophae rhamnoides terminalia arjuna c maintaining ph solution separating active compound chromatographically subjecting active compound step molecular characterization
US-4357947-A,Patent Record US-4357947-A,"A pacing electrode for rapid endocardial insertion for pacing from the right atrium of a patient and for interconnection with a pacemaker includes a flexible conductor having an outer, electrically insulating sheath about the conductor with a flexible curve at one end of the conductor and an exposed terminal along the flexible curved end. The terminal is adapted for making electrical contact with an inner heart surface, preferably within the right atrium. The curved end of the electrode is straightened during insertion through the circulatory system, and thereafter permitted to resume its curved configuration after entering the heart. A wing extends laterally from the sheath at a position outside the patient&#39;s body after the curved end has been inserted into the heart. An established relationship between the lateral direction of the wing and the curved end allows the physician to control the orientation of the curved end after insertion to permit the positioning of the electrode in a stable manner within the right atrium, whereby physiological atrial pacing may be achieved.",pacing electrode rapid endocardial insertion pacing right atrium patient interconnection pacemaker includes flexible conductor outer electrically insulating sheath conductor flexible curve one end conductor exposed terminal along flexible curved end terminal adapted making electrical contact inner heart surface preferably within right atrium curved end electrode straightened insertion circulatory system thereafter permitted resume curved configuration entering heart wing extends laterally sheath position outside patient body curved end inserted heart established relationship lateral direction wing curved end allows physician control orientation curved end insertion permit positioning electrode stable manner within right atrium whereby physiological atrial pacing may achieved
US-2016202205-A1,Patent Record US-2016202205-A1,"An analyte meter to detect an analyte concentration level in a bio-fluid sample may be cleaned and disinfected with a cleaning liquid without harming electrical and internal meter components. In some embodiments, the analyte meter is washable and immersable and may include a sealed sensor connector, sealed battery connector, and possibly a sealed USB connector that may be subjected to a cleaning liquid without the liquid entering an internal chamber of the analyte meter and contacting internal electronic components. In some embodiments, a sealed display screen and sealed keypad are provided such that liquids are prevented from entering the internal chamber. Manufacturing methods and systems utilizing the analyte sensors are provided, as are numerous other aspects.",analyte meter detect analyte concentration level biofluid sample may cleaned disinfected cleaning liquid without harming electrical internal meter component embodiment analyte meter washable immersable may include sealed sensor connector sealed battery connector possibly sealed usb connector may subjected cleaning liquid without liquid entering internal chamber analyte meter contacting internal electronic component embodiment sealed display screen sealed keypad provided liquid prevented entering internal chamber manufacturing method system utilizing analyte sensor provided numerous aspect
US-2015080186-A1,Patent Record US-2015080186-A1,"A decorative and safety assembly for dressing a trampoline which can be easily secured to and removed from a trampoline is described. The trampoline assembly is designed to enhance the safety features associated with a trampoline, as well as enhance a user&#39;s experience. The trampoline assembly may include a first component coupleable to a horizontal frame of a trampoline, and a second component independently coupleable to the horizontal frame of a trampoline and covering the space between a rebounding surface and a surface supporting a trampoline. The first component, the second component, or combinations thereof may contain one or more features that can be used to enhance an individual&#39;s experience when using the device and may include indicia, such as colors, wordings, symbols, lighting, audio devices, or combinations thereof.",decorative safety assembly dressing trampoline easily secured removed trampoline described trampoline assembly designed enhance safety feature associated trampoline well enhance user experience trampoline assembly may include first component coupleable horizontal frame trampoline second component independently coupleable horizontal frame trampoline covering space rebounding surface surface supporting trampoline first component second component combination thereof may contain one feature used enhance individual experience using device may include indicia color wording symbol lighting audio device combination thereof
US-5964417-A,Patent Record US-5964417-A,"A dispenser for discharging media has a duct (14) including a medium outlet (12), and a dosage carrier (34, 35) mounted on a base body (2) and including receptacles (36, 37) for receiving doses of the medium entirely enclosed in respective reservoir spaces (17), a medium holder (21) disposed beneath the reservoir spaces and adjacent the duct (14) for holding the medium when it is released from one of the reservoir spaces (17), and a device (44, 45) for opening one of the reservoir space (17) to allow the medium to be first deposited in the medium holder (21), and then picked up and conveyed out the medium outlet (12) by a transfer flow through the reservoir space (17).",dispenser discharging medium duct including medium outlet dosage carrier mounted base body including receptacle receiving dos medium entirely enclosed respective reservoir space medium holder disposed beneath reservoir space adjacent duct holding medium released one reservoir space device opening one reservoir space allow medium first deposited medium holder picked conveyed medium outlet transfer flow reservoir space
US-8137348-B2,Patent Record US-8137348-B2,"Apparatus for treating a fracture of a bone of a subject including an intramedullary (IM) nail insertable into a medullary canal of the bone of the subject. The IM nail has a proximal head that defines at least one hole therethrough. A sleeve, which includes a locking mechanism, is engaged with the hole when the sleeve is inserted in the hole. This engagement prevents rotational movement between the sleeve and the nail and inward and outward longitudinal movement of the sleeve relative to the nail.",apparatus treating fracture bone subject including intramedullary im nail insertable medullary canal bone subject im nail proximal head defines least one hole therethrough sleeve includes locking mechanism engaged hole sleeve inserted hole engagement prevents rotational movement sleeve nail inward outward longitudinal movement sleeve relative nail
US-4257559-A,Patent Record US-4257559-A,A removable and self sealing spray manifold that has an unobstructed cylindrical interior extending throughout its entire length. Novel self sealing and manifold supporting means is provided at each end of the manifold. The rear end supporting means for the manifold connects the manifold to a hot water inlet pipe and includes means for correctly positioning the spray nozzles for directing the hot water against the ware in the racks. The means for supporting the front manifold end includes a self-sealing cap that can be removably connected to the manifold without the need of using any tools.,removable self sealing spray manifold unobstructed cylindrical interior extending throughout entire length novel self sealing manifold supporting mean provided end manifold rear end supporting mean manifold connects manifold hot water inlet pipe includes mean correctly positioning spray nozzle directing hot water ware rack mean supporting front manifold end includes selfsealing cap removably connected manifold without need using tool
US-PP23743-P3,Patent Record US-PP23743-P3,"‘KinnowLS’ is a mid- to late-season maturing (depending on climate) diploid mandarin that combines large-sized fruit of excellent quality and production with low seed content even in mixed plantings. It may be successful in the mid-to-late season marketing window that currently has few low-seeded, high quality cultivars.",kinnowls mid lateseason maturing depending climate diploid mandarin combine largesized fruit excellent quality production low seed content even mixed planting may successful midtolate season marketing window currently lowseeded high quality cultivar
US-2013115847-A1,Patent Record US-2013115847-A1,Apparatus and method of adjusting the angle of attack to the longitudinal axis of a plurality of aerodynamic surfaces on a high performance throwing toy which affect the performance of such toy and to also provide a means of measuring such performance by recording the time the toy is airborne during flight.,apparatus method adjusting angle attack longitudinal axis plurality aerodynamic surface high performance throwing toy affect performance toy also provide mean measuring performance recording time toy airborne flight
US-5941263-A,Patent Record US-5941263-A,"A single leg support crutch provides improved stability and balance to a user, who suffers from foot, ankle or lower leg injury, in order to enhance ambulatory movement of the user during recuperation. The leg support crutch comprises a unitary leg cradle that conforms generally to a user&#39;s thigh, knee and lower leg, and a plurality of fasteners that comfortably secure the leg support crutch to the user&#39;s leg while in a bended position. A support strut is releasably attached to the cradle and is positioned to support the weight of the user when standing or walking. A releasable coupling attaches the strut to the cradle at one of a plurality of locations. The multiple locations of the strut on the cradle allow the position of the strut to be adjusted in order to properly align the axis of the strut with the location of the user&#39;s femur in the cradle. As a result, the weight of the user is transferred more efficiently to the strut to improve the user&#39;s comfort when standing or walking.",single leg support crutch provides improved stability balance user suffers foot ankle lower leg injury order enhance ambulatory movement user recuperation leg support crutch comprises unitary leg cradle conforms generally user thigh knee lower leg plurality fastener comfortably secure leg support crutch user leg bended position support strut releasably attached cradle positioned support weight user standing walking releasable coupling attache strut cradle one plurality location multiple location strut cradle allow position strut adjusted order properly align axis strut location user femur cradle result weight user transferred efficiently strut improve user comfort standing walking
US-2004043817-A1,Patent Record US-2004043817-A1,"An interactive gaming system comprising a gaming console and a gaming service provider is disclosed. The gaming console contains a storage medium, on which data relating to a configuration of the gaming console are stored. The gaming console further contains a processor in communication with the storage medium for retrieving data therefrom and executing the data, the data relating to the configuration of the gaming console. A gaming service provider provides instruction data to the gaming console, and a connecting network enables a connection between the gaming console and the gaming service provider. Further, a gaming client is stored on the gaming console. The gaming client establishes a connection between the gaming console and a gaming service provider and controls events taking place on the gaming console. The configuration of the gaming console is established by the gaming client according to messages sent to and received from the gaming service provider and to messages stored within a personal profile.",interactive gaming system comprising gaming console gaming service provider disclosed gaming console contains storage medium data relating configuration gaming console stored gaming console contains processor communication storage medium retrieving data therefrom executing data data relating configuration gaming console gaming service provider provides instruction data gaming console connecting network enables connection gaming console gaming service provider gaming client stored gaming console gaming client establishes connection gaming console gaming service provider control event taking place gaming console configuration gaming console established gaming client according message sent received gaming service provider message stored within personal profile
US-5962437-A,Patent Record US-5962437-A,"A method of treating viral infections, and in particular HIV-1, hepatitis B virus and herpes viruses, is disclosed. The method comprising administering to a subject in need of such treatment an infection-combating amount of a phospholipid or phospholipid derivative.",method treating viral infection particular hiv hepatitis b virus herpes virus disclosed method comprising administering subject need treatment infectioncombating amount phospholipid phospholipid derivative
US-2005215174-A1,Patent Record US-2005215174-A1,"A method for the enhancement of breasts is provided which is all natural and involves no drugs, topical or oral compositions, hormones or surgery and is self administered.",method enhancement breast provided natural involves drug topical oral composition hormone surgery self administered
US-2011076645-A1,Patent Record US-2011076645-A1,"The object of this invention relates to a procedure for treatment, both preventive and corrective, of dental cavities. Said procedure consists fundamentally in irradiation of the dental surface to be treated with a Neodymium YAG laser in conformity with specific parameters and conditions, signifying an advance in respect of the state of the art in this field. In the case of the treatment of cavities for corrective purposes it is also necessary, among other stages, to apply a dental cementing and restorative biomaterial on the surface of the dental enamel or on the dentin in such a manner that irradiation by the laser produces microfusion between both thereof. The present invention also relates to the biomaterial used in the procedure described herein, preferentially based on hydroxyapatite, together with the use of the procedure and of the biomaterial in the treatment of dental cavities.",object invention relates procedure treatment preventive corrective dental cavity said procedure consists fundamentally irradiation dental surface treated neodymium yag laser conformity specific parameter condition signifying advance respect state art field case treatment cavity corrective purpose also necessary among stage apply dental cementing restorative biomaterial surface dental enamel dentin manner irradiation laser produce microfusion thereof present invention also relates biomaterial used procedure described herein preferentially based hydroxyapatite together use procedure biomaterial treatment dental cavity
US-2005283040-A1,Patent Record US-2005283040-A1,"A sling for controlling urinary incontinence is disclosed. The sling is formed from a tube having substantially lengthwise inextensible end portions and an elastically lengthwise extensible intermediate portion between the end portions. The intermediate portion has a U-shape which cradles the urethra. The end portions extend through the abdominal tissue to anchor the intermediate portion in position. The sling places the urethra under a transverse compressive load to hold it closed and prevent inadvertent urination. The tube is formed from interlaced filamentary members. Interlacing may be by warp knitting, weaving using a leno weave or braiding using a tri-axial braid structure. The end portions have a rough texture to facilitate anchoring in the tissue of the abdominal wall. The intermediate portion is smooth and soft to prevent tissue erosion.",sling controlling urinary incontinence disclosed sling formed tube substantially lengthwise inextensible end portion elastically lengthwise extensible intermediate portion end portion intermediate portion ushape cradle urethra end portion extend abdominal tissue anchor intermediate portion position sling place urethra transverse compressive load hold closed prevent inadvertent urination tube formed interlaced filamentary member interlacing may warp knitting weaving using leno weave braiding using triaxial braid structure end portion rough texture facilitate anchoring tissue abdominal wall intermediate portion smooth soft prevent tissue erosion
US-2006266014-A1,Patent Record US-2006266014-A1,"In a header having a movably mounted knife and a guard for shielding the moving and rotating components operating the knife, the guard preferably comprising two interconnected parts of which the first part is mounted on the header so as not to move with the knife and the second part is coupled for movement with the knife. In this way, the area shielded by the guard automatically expands and contracts with movement of the knife.",header movably mounted knife guard shielding moving rotating component operating knife guard preferably comprising two interconnected part first part mounted header move knife second part coupled movement knife way area shielded guard automatically expands contract movement knife
US-2006253052-A1,Patent Record US-2006253052-A1,"A method of rehabilitating a patient suffering partial or total loss of motor control of an appendicular joint caused by injury or neurological disorder but exhibiting clinically plegic (i.e., paralyzed) muscles and retaining minimal ability to weakly contract the muscles develops overt movement at a joint and ultimately leads to improved functionality. The method entails use of feedback in which the patient views and/or hears a signal related to the intensity of electromyographic (EMG) activity the patient produces in the appropriate muscles while attempting to move the paretic or plegic joint. The method is intended as an alternative form of feedback for highly disabled patients while they receive therapy using an Assisted Movement with Enhanced Sensation (AMES) device providing joint torque feedback.",method rehabilitating patient suffering partial total loss motor control appendicular joint caused injury neurological disorder exhibiting clinically plegic ie paralyzed muscle retaining minimal ability weakly contract muscle develops overt movement joint ultimately lead improved functionality method entail use feedback patient view andor hears signal related intensity electromyographic emg activity patient produce appropriate muscle attempting move paretic plegic joint method intended alternative form feedback highly disabled patient receive therapy using assisted movement enhanced sensation ames device providing joint torque feedback
US-7497190-B2,Patent Record US-7497190-B2,"Restraining apparatus for coupling together two or more users such as children while walking as a group. The apparatus comprises a spine member with lateral attachment arms for coupling the users to the spine member. The spine member is laterally flexible to allow the spine to bend from side to side when corners are being negotiated in use, but has sufficient stiffness in the vertical plane to resist sagging between the users.",restraining apparatus coupling together two user child walking group apparatus comprises spine member lateral attachment arm coupling user spine member spine member laterally flexible allow spine bend side side corner negotiated use sufficient stiffness vertical plane resist sagging user
US-6660513-B2,Patent Record US-6660513-B2,"Substantially avirulent forms of atypical porcine reproductive and respiratory syndrome (PRRS) virus and corresponding vaccines are provided which result from cell culture passaging of virulent forms of PRRS. The resultant avirulent atypical PRRS virus is useful as a vaccine in that PRRS specific antibody response is elicited by inoculation of host animals, thereby conferring effective immunity against both previously known strains of PRRS virus and newly isolated atypical PRRS virus strains. The preferred passaging technique ensures that the virus remains in a logarithmic growth phase substantially throughout the process, which minimizes the time required to achieve attenuation.",substantially avirulent form atypical porcine reproductive respiratory syndrome prrs virus corresponding vaccine provided result cell culture passaging virulent form prrs resultant avirulent atypical prrs virus useful vaccine prrs specific antibody response elicited inoculation host animal thereby conferring effective immunity previously known strain prrs virus newly isolated atypical prrs virus strain preferred passaging technique ensures virus remains logarithmic growth phase substantially throughout process minimizes time required achieve attenuation
US-2003225370-A1,Patent Record US-2003225370-A1,"The present invention provides an drug-delivery tool and method for delivering a selected diagnostic or therapeutic agent to a target site within a selected body tissue, such as the myocardium of the heart. In one embodiment, the drug-delivery tool is configured to be introduced percutaneously for intravascular delivery into temporary cavities formed in the myocardium from the epicardial surface. In another embodiment, the drug-delivery tool is configured for intraoperative use, to be introduced thoracoscopically or through a thoracotomy, to form temporary cavities in the myocardium from the epicardial surface. The drug-delivery tool generally comprises an accessing device having a tissue-penetrating implement in its distal-end region, and means for delivering a selected agent in a cavity formed by the implement. In an exemplary use, wherein a patient&#39;s heart is treated with an agent for transferring genetic information to the heart tissue, the distal end of the accessing device is conditioned adjacent a selected region of the heart wall, and the tissue-penetrating implement is advanced to form a temporary channel in the myocardium. The gene-therapy agent is introduced into the cavity by the delivery means and retained therein by means overcoming the intra-myocardial pressures. In one embodiment, the treated tissue is stunned, ischemic or hibernating organ tissue that has at least partially lost its normal capillary ability at natural vasomotion.",present invention provides drugdelivery tool method delivering selected diagnostic therapeutic agent target site within selected body tissue myocardium heart one embodiment drugdelivery tool configured introduced percutaneously intravascular delivery temporary cavity formed myocardium epicardial surface another embodiment drugdelivery tool configured intraoperative use introduced thoracoscopically thoracotomy form temporary cavity myocardium epicardial surface drugdelivery tool generally comprises accessing device tissuepenetrating implement distalend region mean delivering selected agent cavity formed implement exemplary use wherein patient heart treated agent transferring genetic information heart tissue distal end accessing device conditioned adjacent selected region heart wall tissuepenetrating implement advanced form temporary channel myocardium genetherapy agent introduced cavity delivery mean retained therein mean overcoming intramyocardial pressure one embodiment treated tissue stunned ischemic hibernating organ tissue least partially lost normal capillary ability natural vasomotion
US-2009117161-A1,Patent Record US-2009117161-A1,"A plurality of particles for blocking electromagnetic radiation wherein each particle includes at least one semiconductor core encased within a shell, the semiconductor cores being of substantially uniform diameter, which diameter is selected according to the quantum size effect such that radiation incident on the particles is absorbed below a preselected radiation wavelength. In particular embodiments, the diameter may not vary between cores by more than a preselected percentage, and the diameter may fall within the range of approximately one to approximately five nanometers. Each particle may have a single semiconductor core surrounded by a single shell or a plurality of semiconductor particles surrounded by a single shell. In other embodiments, the particles may be created by forming at least one semiconductor core in a first reaction zone and forming a shell encapsulating the at least one semiconductor core in a second reaction zone. A plurality of semiconductor cores may optionally be agglomerated together before the shell is formed.",plurality particle blocking electromagnetic radiation wherein particle includes least one semiconductor core encased within shell semiconductor core substantially uniform diameter diameter selected according quantum size effect radiation incident particle absorbed preselected radiation wavelength particular embodiment diameter may vary core preselected percentage diameter may fall within range approximately one approximately five nanometer particle may single semiconductor core surrounded single shell plurality semiconductor particle surrounded single shell embodiment particle may created forming least one semiconductor core first reaction zone forming shell encapsulating least one semiconductor core second reaction zone plurality semiconductor core may optionally agglomerated together shell formed
US-2010323088-A1,Patent Record US-2010323088-A1,"A recombined whole grain flour for use in preparing whole grain products such that whole grain particulates provide minimal visual impact to the whole grain product. By selectively controlling the particle size of the milled bran and germ constituents used in the recombined whole grain flour, the visual and color impact associated with bran and germ particulates can be substantially eliminated from the whole grain product. In particular, whole grain products such as whole grain breads, dough products, mixes and biscuits can be made with recombined whole grain flour. Whole grain products made with recombined whole grain flour are advantageous in that they incorporate the health advantages associated with whole grains while eliminating the characteristic, visual color differences noticeable within a whole grain crumb due to visually identifiable bran and germ particulates found in traditional whole grain products.",recombined whole grain flour use preparing whole grain product whole grain particulate provide minimal visual impact whole grain product selectively controlling particle size milled bran germ constituent used recombined whole grain flour visual color impact associated bran germ particulate substantially eliminated whole grain product particular whole grain product whole grain bread dough product mix biscuit made recombined whole grain flour whole grain product made recombined whole grain flour advantageous incorporate health advantage associated whole grain eliminating characteristic visual color difference noticeable within whole grain crumb due visually identifiable bran germ particulate found traditional whole grain product
US-2014352989-A1,Patent Record US-2014352989-A1,"A weed removal device having a handle and a frame through which a rod extends. The rod has a mechanical lock near one end that connects the rod mechanically to the frame, and a base portion near the opposite end. The base portion includes pins that extend into soil around the weed to grasp the weed, and a foot pedal on which the user rests his weight to drive portions of the device into the soil. A spring is compressed when the pins are driven into the soil and grasp the weed, and upon removal of the weed and a plug of soil the mechanical lock can release the spring to expand and thereby eject the weed and soil with force sufficient to propel the weed many feed into a receptacle.",weed removal device handle frame rod extends rod mechanical lock near one end connects rod mechanically frame base portion near opposite end base portion includes pin extend soil around weed grasp weed foot pedal user rest weight drive portion device soil spring compressed pin driven soil grasp weed upon removal weed plug soil mechanical lock release spring expand thereby eject weed soil force sufficient propel weed many feed receptacle
US-2005187452-A1,Patent Record US-2005187452-A1,"A method and apparatus for reducing cross-talk in an oximeter. The oximeter includes a band pass filter. The amount of cross-talk through the band pass filter is estimated. Based on this estimate, the corner frequencies of the band pass filter are adjusted when it is designed to minimize the cross-talk. In one embodiment, a calibration mode is performed when a sensor is attached to the oximeter. In the calibration mode, the signals are measured with first only the red LED on and then with only the IR LED on. Any signal measured in the off channel is assumed to be a result of cross-talk from the other channel. The magnitude of the cross-talk is determined as a percentage, and subsequently the percentage is multiplied by the actual signal and subtracted from the other LED signal as cross-talk compensation.",method apparatus reducing crosstalk oximeter oximeter includes band pas filter amount crosstalk band pas filter estimated based estimate corner frequency band pas filter adjusted designed minimize crosstalk one embodiment calibration mode performed sensor attached oximeter calibration mode signal measured first red led ir led signal measured channel assumed result crosstalk channel magnitude crosstalk determined percentage subsequently percentage multiplied actual signal subtracted led signal crosstalk compensation
US-4815261-A,Patent Record US-4815261-A,"An elongate housing is provided for removable attachment to either a self-propelled windrower or conventional farm tractor. A flexible-bristle brush is adjustably secured to the housing such that when the housing is moved through a field of seed-bearing plants, the rotating brush interacts with the housing to strip seeds from the plants. The seeds are deposited in an auger trough and moved by the auger to one end of the housing. An impeller or blower located outside the housing creates a vacuum such that the seeds are drawn through a screened opening in the housing and conveyed to a seed storage area. In order to break apart agglomerations of seeds or seed bearing pods, the blower/impeller is preferably provided in the form of a fan having blades which rotate about a shaft aligned such that the harvested seeds strike the fan blades, thereby breaking apart the seed agglomerates and seed pods. The flexible bristle brush is adjustable so that varying forces may be applied to varying plants having greater or lesser force required to remove seeds therefrom.",elongate housing provided removable attachment either selfpropelled windrower conventional farm tractor flexiblebristle brush adjustably secured housing housing moved field seedbearing plant rotating brush interacts housing strip seed plant seed deposited auger trough moved auger one end housing impeller blower located outside housing creates vacuum seed drawn screened opening housing conveyed seed storage area order break apart agglomeration seed seed bearing pod blowerimpeller preferably provided form fan blade rotate shaft aligned harvested seed strike fan blade thereby breaking apart seed agglomerate seed pod flexible bristle brush adjustable varying force may applied varying plant greater lesser force required remove seed therefrom
US-5465869-A,Patent Record US-5465869-A,A tool for depositing seed uniformly along a prepared furrow. The tool uses the rolling motion of a ground engaging wheel to drive a seed pickup and delivery mechanism. A pickup wheel which is coupled to the ground engaging wheel contacts the seeds via a slot in the seed container. A suction force created by an oscillating bellow is channeled to a pickup aperture in the circumference of the pickup wheel. Picked seed is carried by the pickup wheel to a guiding duct to be released and delivered to the soil. The tool also includes an electronic monitor that produces a short audible beep for every deposited seed.,tool depositing seed uniformly along prepared furrow tool us rolling motion ground engaging wheel drive seed pickup delivery mechanism pickup wheel coupled ground engaging wheel contact seed via slot seed container suction force created oscillating bellow channeled pickup aperture circumference pickup wheel picked seed carried pickup wheel guiding duct released delivered soil tool also includes electronic monitor produce short audible beep every deposited seed
US-5908401-A,Patent Record US-5908401-A,"A portable iontophoresis apparatus for facilitating delivery of medication across the cutaneous membrane into adjacent underlying tissues and blood vessels. The apparatus employs a modular, detachable non-reusable medicament-containing applicator electrode which is adapted to attach to a base assembly. The apparatus is designed to be hand-held and includes a circumferential tactile electrode band on the base assembly which provides electrical connection between the skin of the user&#39;s hand and one pole of a bipolar power source housed within the base assembly. The opposing pole of the power source is connected to the applicator electrode. The user&#39;s body completes the electrical circuit between the applicator and tactile electrodes. A method for using the device for the treatment of Herpes simplex infection and related viral infections which produce similar cutaneous lesions is presented. The apparatus, when used in accordance with the method described herein, demonstrated &gt;90% treatment efficacy in clinical trials.",portable iontophoresis apparatus facilitating delivery medication across cutaneous membrane adjacent underlying tissue blood vessel apparatus employ modular detachable nonreusable medicamentcontaining applicator electrode adapted attach base assembly apparatus designed handheld includes circumferential tactile electrode band base assembly provides electrical connection skin user hand one pole bipolar power source housed within base assembly opposing pole power source connected applicator electrode user body completes electrical circuit applicator tactile electrode method using device treatment herpes simplex infection related viral infection produce similar cutaneous lesion presented apparatus used accordance method described herein demonstrated gt treatment efficacy clinical trial
US-6419589-B1,Patent Record US-6419589-B1,"An automatic golf ball placement device having a storage tube for holding a quantity of golf balls preparatory for placement onto a tee. One end of the tube receives the balls for storage while the opposite includes an opening for dispensing the first ball into a rotatable receiver for transfer to a dispensing shoot for delivery to the tee. The receiver is weighted so that upon placement of a ball on the tee, the receiver revolves back to the storage tube for accepting the next ball for dispensing onto the tee. A pedal attached to the receiver is actuated by a player&#39;s foot or engagement with a golf club to urge rotation of the receiver to dispense the first ball.",automatic golf ball placement device storage tube holding quantity golf ball preparatory placement onto tee one end tube receives ball storage opposite includes opening dispensing first ball rotatable receiver transfer dispensing shoot delivery tee receiver weighted upon placement ball tee receiver revolves back storage tube accepting next ball dispensing onto tee pedal attached receiver actuated player foot engagement golf club urge rotation receiver dispense first ball
US-2008213863-A1,Patent Record US-2008213863-A1,"Disclosed is a novel application for β-cyclodextrin (β-CD, a cholesterol depletor), and a novel technique for the creation of immunogens. Topical application of β-CD inhibits or reduces the severity of viral outbreaks such as oral or genital herpes by disrupting lipid rafts, through which viral entry and outbreak occur. Viral entry involves virus/lipid raft interaction, wherein the virus unfolds—only in lipid rafts—to enter the cell via the lipid raft. The invention provides a technique for creating immunogens with novel viral epitopes based on the virus/lipid raft interaction and viral unfolding. This fact can be exploited to create novel immunogens based on viral interaction with lipid rafts. The virus/lipid raft co-culture technique creates novel immunogens which will be used to create novel neutralizing monoclonal and polyclonal antibodies to fight viral disease such as HIV infection.",disclosed novel application cyclodextrin cd cholesterol depletor novel technique creation immunogen topical application cd inhibits reduces severity viral outbreak oral genital herpes disrupting lipid raft viral entry outbreak occur viral entry involves viruslipid raft interaction wherein virus unfoldsonly lipid raftsto enter cell via lipid raft invention provides technique creating immunogen novel viral epitope based viruslipid raft interaction viral unfolding fact exploited create novel immunogen based viral interaction lipid raft viruslipid raft coculture technique creates novel immunogen used create novel neutralizing monoclonal polyclonal antibody fight viral disease hiv infection
US-4634067-A,Patent Record US-4634067-A,"A roll tissue dispenser having resilient members for supporting a roll of tissue by its center tube thus making a simple, easy loading and unloading device of this type.",roll tissue dispenser resilient member supporting roll tissue center tube thus making simple easy loading unloading device type
US-2010139121-A1,Patent Record US-2010139121-A1,The present disclosure provides an improved welted footwear and related method of manufacture. The welted footwear and related method of manufacturing is directed to a molded foot support platform that provides a number of advantageous features.,present disclosure provides improved welted footwear related method manufacture welted footwear related method manufacturing directed molded foot support platform provides number advantageous feature
US-7975649-B2,Patent Record US-7975649-B2,A livestock waterer for use in frigid climates includes a lid which floats on the surface of the water in each basin of the waterer. The lid is hollow with a convex upper surface and with baffle walls depending from the underside of the lid. The baffle walls interrupt wave action on the surface of the water created by depression of the lid into the water when an animal presses down on the lid to gain access to the water. The floor of each basin is provided with an integrally formed mounting post to support a heater within the basin. The baffles walls prevent exhaustion of water within the basin thereby preserving submersion of the heater at all times.,livestock waterer use frigid climate includes lid float surface water basin waterer lid hollow convex upper surface baffle wall depending underside lid baffle wall interrupt wave action surface water created depression lid water animal press lid gain access water floor basin provided integrally formed mounting post support heater within basin baffle wall prevent exhaustion water within basin thereby preserving submersion heater time
US-2017172201-A1,Patent Record US-2017172201-A1,"The disclosed embodiments relate generally to herbal smoking blends and methods for preparing and using herbal smoking blends, and relate more particularly to herbal smoking blends having terpenoids added thereto. In one aspect, a method of preparing an herbal smoking blend comprises providing a smoking herb preparation. The method additionally comprises providing a terpenoid solution comprising a terpenoid. The terpenoid solution may be added to the smoking herb preparation to, for example, provide a smoking herb preparation that achieves a desired effect on a consumer of the preparation.",disclosed embodiment relate generally herbal smoking blend method preparing using herbal smoking blend relate particularly herbal smoking blend terpenoids added thereto one aspect method preparing herbal smoking blend comprises providing smoking herb preparation method additionally comprises providing terpenoid solution comprising terpenoid terpenoid solution may added smoking herb preparation example provide smoking herb preparation achieves desired effect consumer preparation
US-6863293-B2,Patent Record US-6863293-B2,A wheelchair has actuation plates provided in juxtaposition with the seat to descend when a user sits on the seat to lower the seat with the user&#39;s weight and to ascend when the user rises from the seat to permit the seat to return with removal of the weight. A brake is mounted on the axle shafts to brake the axle shafts and energized constantly in a non-braking direction. Levers are coupled directly or indirectly to the brake to move according to descending motions of the actuation plates to put the brake in a non-braking state and to move according to ascending motions of the actuation plates to put the brake in a braking state. Biasing devices for evacuating legs that extend from the seat and/or steps that are mounted onto the legs.,wheelchair actuation plate provided juxtaposition seat descend user sits seat lower seat user weight ascend user rise seat permit seat return removal weight brake mounted axle shaft brake axle shaft energized constantly nonbraking direction lever coupled directly indirectly brake move according descending motion actuation plate put brake nonbraking state move according ascending motion actuation plate put brake braking state biasing device evacuating leg extend seat andor step mounted onto leg
US-2004093050-A1,Patent Record US-2004093050-A1,"A patient cooling system comprises a patient enclosure or tent having a coaxial hose connection to a re-circulating air-cooling system. The hose comprises an inner tube to introduce air into the enclosure and an outer tube for the return air. The patient cooling system further comprises a patient-supporting mattress comprising a plurality of inflatable compartments extending transversely across the width of the mattress, which can also be supplied with cooled air. The compartments can be alternately pressurized for pressure relief therapy. Moreover, the compartments can be pressurized either with relatively low pressure cold air from the air cooling system, or with higher pressure air which acts to support the patient, but provides relatively less cooling effect. Radially collapsible, sleeved openings in the tent panel enable connection of conduits or patient care lines to the patient.",patient cooling system comprises patient enclosure tent coaxial hose connection recirculating aircooling system hose comprises inner tube introduce air enclosure outer tube return air patient cooling system comprises patientsupporting mattress comprising plurality inflatable compartment extending transversely across width mattress also supplied cooled air compartment alternately pressurized pressure relief therapy moreover compartment pressurized either relatively low pressure cold air air cooling system higher pressure air act support patient provides relatively less cooling effect radially collapsible sleeved opening tent panel enable connection conduit patient care line patient
US-7765736-B1,Patent Record US-7765736-B1,The invention as presently conceived discloses a unique system and method that incorporates a self-watering tree stand that is an improvement on a conventional floor-standing holiday tree stand and watering system. The design of this novel tree stand is that it supports the tree from the tree&#39;s midsection that allows gravity to self-level the tree held within the stand. The stand comprises a large circular base for stability as well as adjustable height watering cup that can be brought up to the bottom of the tree and is fed from a water reservoir located on the vertical section of the stand at the outside perimeter of the tree. Also integral to the system and apparatus is a power receptacle fed from a power cord located near the top of the stand in order to power decorative lights or other electric tree decorations.,invention presently conceived discloses unique system method incorporates selfwatering tree stand improvement conventional floorstanding holiday tree stand watering system design novel tree stand support tree tree midsection allows gravity selflevel tree held within stand stand comprises large circular base stability well adjustable height watering cup brought bottom tree fed water reservoir located vertical section stand outside perimeter tree also integral system apparatus power receptacle fed power cord located near top stand order power decorative light electric tree decoration
US-4986855-A,Patent Record US-4986855-A,"There is provided a new and useful honey product and a process for the preparation thereof, the process comprising adding a predetermined quantity of seed honey to a mass of honey, treating the mass of honey a first time to physically break up crystal groups, holding the mass of honey a first time for a predetermined period to allow crystallization, treating the crystallized honey at least one additional time to physically break up crystal groups, and holding the honey a second time for a predetermined period.",provided new useful honey product process preparation thereof process comprising adding predetermined quantity seed honey mass honey treating mass honey first time physically break crystal group holding mass honey first time predetermined period allow crystallization treating crystallized honey least one additional time physically break crystal group holding honey second time predetermined period
US-5851223-A,Patent Record US-5851223-A,"This invention provides a system and apparatus for treating neurally responsive conditions by use of a novel combined waveform in combination with, and preferably modulated onto, a gigaTENS waveform administered to a patient. This modulated combined waveform can also be administered synchronously or asynchronously with a conventional mono- or bipolar spiked waveform, useful for TENS applications and/or for stimulatory input to the patient.",invention provides system apparatus treating neurally responsive condition use novel combined waveform combination preferably modulated onto gigatens waveform administered patient modulated combined waveform also administered synchronously asynchronously conventional mono bipolar spiked waveform useful ten application andor stimulatory input patient
US-2013103083-A1,Patent Record US-2013103083-A1,"An anchoring system for securing tissue to bone includes an implant having a body through which a suture eyelet extends transversely, a suture recess extending along a portion of a length of the body, having a predetermined depth below an outer surface of the body, and a suture pinch ramp disposed at a proximal end of the suture recess. The suture pinch ramp has a depth approximately equal to the predetermined depth at a distal end thereof and sloping outwardly in a proximal direction so that a depth of a proximal end of the suture pinch ramp approaches zero. An insertion member includes an insertion tube and a handle which is engageable with the anchor body to deploy the anchor in a selected bone site.",anchoring system securing tissue bone includes implant body suture eyelet extends transversely suture recess extending along portion length body predetermined depth outer surface body suture pinch ramp disposed proximal end suture recess suture pinch ramp depth approximately equal predetermined depth distal end thereof sloping outwardly proximal direction depth proximal end suture pinch ramp approach zero insertion member includes insertion tube handle engageable anchor body deploy anchor selected bone site
US-2006111643-A1,Patent Record US-2006111643-A1,"This document discusses, among other things, a method of identifying a non-fatal tachyarrhythmia episode by determining a degree of similarity between the episode and a template generated from a previous tachyarrhythmia episode.",document discusses among thing method identifying nonfatal tachyarrhythmia episode determining degree similarity episode template generated previous tachyarrhythmia episode
US-4466616-A,Patent Record US-4466616-A,"A missile responsive amusement apparatus comprising a target mounted upon one end of an elongated target arm, the latter being pivotally mounted to a box-like frame, whereupon when a missile strikes the target, the target arm pivots in a direction causing its other end to engage and rotate a latch bar for lifting latching teeth out of notches located in a pair of spindle cams, thereby releasing a spindle bar to which a seat is attached for rotation in a direction causing the seat to swivel downward for dropping a person sitting thereupon into a tank of water below the seat. Thereafter, via spring biasing of the spindle cams and target arm, the apparatus can be reset by rotating the seat upward until it latches in its upright position via the latching teeth engaging the notches of the spindle cams attached to the spindle bar, while concurrently causing the latching bar to rotate for pivoting the target arm back to its &#34;cocked&#34; or &#34;ready&#34; position.",missile responsive amusement apparatus comprising target mounted upon one end elongated target arm latter pivotally mounted boxlike frame whereupon missile strike target target arm pivot direction causing end engage rotate latch bar lifting latching teeth notch located pair spindle cam thereby releasing spindle bar seat attached rotation direction causing seat swivel downward dropping person sitting thereupon tank water seat thereafter via spring biasing spindle cam target arm apparatus reset rotating seat upward latch upright position via latching teeth engaging notch spindle cam attached spindle bar concurrently causing latching bar rotate pivoting target arm back cocked ready position
US-2007082061-A1,Patent Record US-2007082061-A1,"The present invention provides compositions for bowel cleansing that have improved palatability through the inclusion of a sweetener, such as a chlorinated sucrose isomer. The invention also provides methods of reducing the saltiness of an orally consumed substance, including phosphate salt and PEG/salt bowel cleansers, through the use of a sweetener. Utilizing a sweetener including Sucralose to reduce the saltiness of a substance unexpectedly contradicts the conventional belief that sweeteners amplify saltiness.",present invention provides composition bowel cleansing improved palatability inclusion sweetener chlorinated sucrose isomer invention also provides method reducing saltiness orally consumed substance including phosphate salt pegsalt bowel cleanser use sweetener utilizing sweetener including sucralose reduce saltiness substance unexpectedly contradicts conventional belief sweetener amplify saltiness
US-7261629-B2,Patent Record US-7261629-B2,"Poultry wings are suspended by their tip segments and oriented so that their outside surfaces face one side of the processing path, with right wings oriented with their elbows leading, and left wings oriented with their elbows trailing. The lower, primary segments are bent at the elbow joints by a bending guide, laterally and upwardly about an elbow guide, opening the elbow joints. The open joints are cut so as to release the primary segments. The mid-wing segments are compressed and the bone ends are moved laterally from the wing tip segments, causing the bone ends of the mid-wing segments to pop out of the tip segments. In both instances, the bones of the segments are exposed in the final products, so when the products are cooked, the exposed bone ends are free of grease, etc. and are suitable for grasping by the fingers of the hand for eating as finger food.",poultry wing suspended tip segment oriented outside surface face one side processing path right wing oriented elbow leading left wing oriented elbow trailing lower primary segment bent elbow joint bending guide laterally upwardly elbow guide opening elbow joint open joint cut release primary segment midwing segment compressed bone end moved laterally wing tip segment causing bone end midwing segment pop tip segment instance bone segment exposed final product product cooked exposed bone end free grease etc suitable grasping finger hand eating finger food
US-4124154-A,Patent Record US-4124154-A,A fish stringer comprising a cord and a plurality of fish holders including links which are attachable to the cord between its ends in sliding relation thereon.,fish stringer comprising cord plurality fish holder including link attachable cord end sliding relation thereon
US-2015025593-A1,Patent Record US-2015025593-A1,"A heart therapy device having a right-ventricular electrode and a left-ventricular electrode connected to a tachycardia identification unit. The tachycardia identification unit identifies ventricular tachycardia and simultaneously evaluates the heart rate at the right-ventricular and left-ventricular electrodes. The ventricular electrodes each include an electrode line having a corresponding sensing electrode pole that senses electric potential courses in the myocardium of the respective ventricle. The heart therapy device includes a dislocation identification unit that detects a possible dislocation of one of the ventricular electrodes, simultaneously evaluates the heart rate at both ventricular electrodes, and signals a right-ventricular or left-ventricular dislocation when a sudden rise in heart rate is sensed at the right-ventricular or left-ventricular electrode, without detecting a considerable change in rhythm at the respective electrode. In the event of the dislocation of one of the ventricular electrodes, the rhythm information of the electrode in question is ignored for tachycardia detection.",heart therapy device rightventricular electrode leftventricular electrode connected tachycardia identification unit tachycardia identification unit identifies ventricular tachycardia simultaneously evaluates heart rate rightventricular leftventricular electrode ventricular electrode include electrode line corresponding sensing electrode pole sens electric potential course myocardium respective ventricle heart therapy device includes dislocation identification unit detects possible dislocation one ventricular electrode simultaneously evaluates heart rate ventricular electrode signal rightventricular leftventricular dislocation sudden rise heart rate sensed rightventricular leftventricular electrode without detecting considerable change rhythm respective electrode event dislocation one ventricular electrode rhythm information electrode question ignored tachycardia detection
US-4601163-A,Patent Record US-4601163-A,"A motor driven lawn scarifier or cutter has a body which houses the motor and the scarifying/cutter assembly and also wheel or roller mountings. With a view to simplifying manufacture and assembly of the tool and eliminating corrosion problems, the body is moulded in one piece from plastics material and is shaped to provide a chamber (34) for the motor (50) and a forward chamber for the scarifying/cutter assembly (4). A roller (6A), located in a rearward chamber in the body, is mounted in openings (23) in the sides of the body and wheels (5) are mounted in openings (24) at the front of the body. A cover (8) which is also moulded in one piece from plastics material closes the motor chamber (34).",motor driven lawn scarifier cutter body house motor scarifyingcutter assembly also wheel roller mounting view simplifying manufacture assembly tool eliminating corrosion problem body moulded one piece plastic material shaped provide chamber motor forward chamber scarifyingcutter assembly roller located rearward chamber body mounted opening side body wheel mounted opening front body cover also moulded one piece plastic material close motor chamber
US-2007118108-A1,Patent Record US-2007118108-A1,Systems and methods treat hemorrhoids by introducing a treatment device into the anal canal to extend above a hemorrhoidal plexus and adjacent a tissue region containing blood vessels that feed the hemorrhoidal plexus. The systems and methods operate the treatment device to affect tissue morphology in the tissue region to occlude or otherwise reduce blood flow through the vessels.,system method treat hemorrhoid introducing treatment device anal canal extend hemorrhoidal plexus adjacent tissue region containing blood vessel feed hemorrhoidal plexus system method operate treatment device affect tissue morphology tissue region occlude otherwise reduce blood flow vessel
US-4161157-A,Patent Record US-4161157-A,"An enclosed litter container for animals, the container having upper and lower enclosure portions coupled together to provide an enclosed space. The upper enclosure portion has an opening therein to provide access for an animal to the enclosed space. The lower enclosure portion defines a cavity for containing litter. The upper enclosure portion includes a widened rim portion, and the lower enclosure portion includes a mating widened flange portion. Part of the widened rim portion of the upper enclosure portion includes a downwardly convex convolution having a vertex or free extremity extending into the enclosed space. The construction prevents urine from collecting in and/or escaping from the joint between the enclosure portions. A series of downwardly sloped channels in the widened flange portion of the lower enclosure portion help direct the urine toward the litter.",enclosed litter container animal container upper lower enclosure portion coupled together provide enclosed space upper enclosure portion opening therein provide access animal enclosed space lower enclosure portion defines cavity containing litter upper enclosure portion includes widened rim portion lower enclosure portion includes mating widened flange portion part widened rim portion upper enclosure portion includes downwardly convex convolution vertex free extremity extending enclosed space construction prevents urine collecting andor escaping joint enclosure portion series downwardly sloped channel widened flange portion lower enclosure portion help direct urine toward litter
US-9149566-B2,Patent Record US-9149566-B2,Methods are provided to produce optimal fractionations of charged keratins that have superior biomedical activity. Also provided are medical implants coated with these keratin preparations. Further provided are methods of treating blood coagulation in a patient in need thereof.,method provided produce optimal fractionation charged keratin superior biomedical activity also provided medical implant coated keratin preparation provided method treating blood coagulation patient need thereof
US-2009286760-A1,Patent Record US-2009286760-A1,"The invention relates to a composition that includes a first agent selected including an agent that possesses anti-inflammatory activity or acetaminophen, phenacetin, tramadol and the like; a second agent selected from the group consisting of an oxidative phosphorylation inhibitor, an ionophore, and an adenosine 5-monophosphate-activated Protein kinase (AMPK) activator; a third agent that possesses or maintains serotonin activity.",invention relates composition includes first agent selected including agent possesses antiinflammatory activity acetaminophen phenacetin tramadol like second agent selected group consisting oxidative phosphorylation inhibitor ionophore adenosine monophosphateactivated protein kinase ampk activator third agent possesses maintains serotonin activity
US-3990128-A,Patent Record US-3990128-A,"A device for processing the intestines of slaughtered poultry, in particular of the gizzards comprising two synchronously driven worm conveyors, engaging each other, the first worm being shorter than the second one, the worms being set with cooperating radially extending carrier members such that the intestines are moved by the carrier members through the space between the cores, while the gizzards, bearing on the cores, are moved on by the second worm to a knife, placed at the end of the worms with the cutting edge directed perpendicular to the axes of the worms.",device processing intestine slaughtered poultry particular gizzard comprising two synchronously driven worm conveyor engaging first worm shorter second one worm set cooperating radially extending carrier member intestine moved carrier member space core gizzard bearing core moved second worm knife placed end worm cutting edge directed perpendicular ax worm
US-6618959-B1,Patent Record US-6618959-B1,"A cushioning insert ( 1 ) to be inserted in the heel zone of a shoe is provided with a honey-comb structure ( 2 ) which is improved in such a manner that it provides good cushioning properties and sufficiently supports the heel even if the outsoles or soles ( 16 ) of the shoe are relatively thin. To this end, the cushioning insert ( 1 ) is made of a structural unit that includes heel shell ( 3 ) and a gas-tight honey-comb structure that is provided on the upper side ( 7.1 ) or the lower side ( 10 ) of the shell bottom ( 7 ) of the heel shell ( 3 ).",cushioning insert inserted heel zone shoe provided honeycomb structure improved manner provides good cushioning property sufficiently support heel even outsole sol shoe relatively thin end cushioning insert made structural unit includes heel shell gastight honeycomb structure provided upper side lower side shell bottom heel shell
US-4964575-A,Patent Record US-4964575-A,"An improved system for pneumatic spreader systems for selective distribution of particulate material onto agricultural fields from selected ones of a plurality of elongated delivery tubes or booms. The improved feature of the present invention comprises a means to interrupt flow of particulate material from certain preselected booms without clogging the system. The system includes a means for substantially completely blocking the flow cross-sectional area from a preselected one or plurality of delivery tubes, along with a line which normally functions as a feed line when the system is in normal operation, but as a recycling line when the delivery tube is in blocked or shut-off disposition. The arrangement provides a means for converting a twin-boom arrangement to a single-boom arrangement for accommodating unusual operation such as less-than-a-full boom width when undertaking the final run of a field application.",improved system pneumatic spreader system selective distribution particulate material onto agricultural field selected one plurality elongated delivery tube boom improved feature present invention comprises mean interrupt flow particulate material certain preselected boom without clogging system system includes mean substantially completely blocking flow crosssectional area preselected one plurality delivery tube along line normally function feed line system normal operation recycling line delivery tube blocked shutoff disposition arrangement provides mean converting twinboom arrangement singleboom arrangement accommodating unusual operation lessthanafull boom width undertaking final run field application
US-2007255085-A1,Patent Record US-2007255085-A1,"One aspect of the invention provides a method of stimulating a nerve in tissue of a patient. The method includes the following steps: applying a focused ultrasound beam to the tissue; applying a first magnetic field to the tissue; and applying a second magnetic field to the tissue, the ultrasound beam and the first and second magnetic fields combining to stimulate the nerve. Another aspect of the invention provides a nerve stimulation device having two magnetic coils of opposite polarity each adapted to generate a magnetic field in a patient&#39;s tissue, the coils being positioned to generate a substantially toroidal magnetic field within the patient&#39;s tissue; and an ultrasound source adapted to transmit a focused ultrasound beam into the patient&#39;s tissue.",one aspect invention provides method stimulating nerve tissue patient method includes following step applying focused ultrasound beam tissue applying first magnetic field tissue applying second magnetic field tissue ultrasound beam first second magnetic field combining stimulate nerve another aspect invention provides nerve stimulation device two magnetic coil opposite polarity adapted generate magnetic field patient tissue coil positioned generate substantially toroidal magnetic field within patient tissue ultrasound source adapted transmit focused ultrasound beam patient tissue
US-4955109-A,Patent Record US-4955109-A,"A stuffing horn mechanism for chub packaging machinery, utilized in association with such machinery to produce chub products by stuffing of casing with comminuted material. The stuffing horn mechanism comprises a telescoping stuffing horn, a comminuted material reservoir, and reservoir volume varying apparatus. The telescoping horn is variable in volume during telescoping, and the reservoir is in communication with the stuffing horn. The reservoir volume varying apparatus is operatively connected to the stuffing horn, for varying the volume of the reservoir in inverse relation to the volume of the stuffing horn during telescoping.",stuffing horn mechanism chub packaging machinery utilized association machinery produce chub product stuffing casing comminuted material stuffing horn mechanism comprises telescoping stuffing horn comminuted material reservoir reservoir volume varying apparatus telescoping horn variable volume telescoping reservoir communication stuffing horn reservoir volume varying apparatus operatively connected stuffing horn varying volume reservoir inverse relation volume stuffing horn telescoping
US-2013309389-A1,Patent Record US-2013309389-A1,"Sweetener compositions comprising particular glycoside blends are described in this paper. The glycioside blends comprise rebaudioside A, rebaudioside B, and/or rebaudioside D in various proportions. The sweetener composition can also include one or more bulking agents or other ingredients. The sweetener compositions can be used in foods and beverages.",sweetener composition comprising particular glycoside blend described paper glycioside blend comprise rebaudioside rebaudioside b andor rebaudioside various proportion sweetener composition also include one bulking agent ingredient sweetener composition used food beverage
US-8923986-B2,Patent Record US-8923986-B2,"An implantable medical lead for transmitting electrical pulses to excitable bodily tissue and/or signals detected at bodily tissue to a detection and evaluation unit, including a distal electrode or a distal sensor, or actuator; a proximal electrode connector or sensor/actuator connector; and a lead pole which connects the electrode or the sensor or actuator to the electrode connector or sensor/actuator connector and extends in the lead body, wherein the lead pole comprises at least two separate and individually insulated conductors which are electrically interconnected at least at one point which functions as an interchange point, or reversal point, in the lead extension from the proximal electrode or sensor connector to the distal electrode or the distal sensor, and wherein at least one of the separate conductors, in particular close to the reversal point, is interrupted at least once and/or is not connected at one end.",implantable medical lead transmitting electrical pulse excitable bodily tissue andor signal detected bodily tissue detection evaluation unit including distal electrode distal sensor actuator proximal electrode connector sensoractuator connector lead pole connects electrode sensor actuator electrode connector sensoractuator connector extends lead body wherein lead pole comprises least two separate individually insulated conductor electrically interconnected least one point function interchange point reversal point lead extension proximal electrode sensor connector distal electrode distal sensor wherein least one separate conductor particular close reversal point interrupted least andor connected one end
US-2018001203-A1,Patent Record US-2018001203-A1,"A control program for a game device having a storage unit configured to store points associated with players. The game device may receive a request by a player to designate at least a portion of the points associated with the first player as region points of the first player, which may in turn be correlated with a game region designated by the first player. When the first player has the most points for a particular game region, the game region may be set to be a region of the first player. When the first player disposes a first and second game region in a predetermined arrangement, such that the first and second game region has game regions between them, the game regions between the first and second game region may have their point values swapped to put the first player on top.",control program game device storage unit configured store point associated player game device may receive request player designate least portion point associated first player region point first player may turn correlated game region designated first player first player point particular game region game region may set region first player first player disposes first second game region predetermined arrangement first second game region game region game region first second game region may point value swapped put first player top
US-4446880-A,Patent Record US-4446880-A,"A make-up brush, in particular an eyelash brush, includes a bellows or longitudinally slit sleeve defining bristles and adapted to be varied in diameter, by variation in length, so as to suit the wishes of a user or the properties of a make-up product to be applied.",makeup brush particular eyelash brush includes bellow longitudinally slit sleeve defining bristle adapted varied diameter variation length suit wish user property makeup product applied
US-7037315-B2,Patent Record US-7037315-B2,"A device is disclosed for introducing a flexible elongated element through at least two portions of a subject. In an embodiment, the device includes a proximal end and a distal end, as well as an advancement unit for longitudinally advancing the flexible elongated element toward the distal end such that a distal end of the elongated element may pass from the distal end of said device with sufficient force to pass through the portions of the subject. The device also includes a securing unit for variably adjusting a securing force applied by the flexible elongated element to secure together the portions of the subject.",device disclosed introducing flexible elongated element least two portion subject embodiment device includes proximal end distal end well advancement unit longitudinally advancing flexible elongated element toward distal end distal end elongated element may pas distal end said device sufficient force pas portion subject device also includes securing unit variably adjusting securing force applied flexible elongated element secure together portion subject
US-2015366666-A1,Patent Record US-2015366666-A1,"The invention relates in some aspects to a device for use in the transcatheter treatment of mitral valve regurgitation, including steerable guidewires, implantable coaptation assistance devices, anchoring systems for attaching a ventricular projection of an implantable coaptation device, a kit, and methods of using an implantable coaptation assistance device among other methods.",invention relates aspect device use transcatheter treatment mitral valve regurgitation including steerable guidewires implantable coaptation assistance device anchoring system attaching ventricular projection implantable coaptation device kit method using implantable coaptation assistance device among method
US-9683341-B2,Patent Record US-9683341-B2,A blade is provided having runners on the blade that extend forward of the blade&#39;s leading edge. These runners traverse surface irregularities allowing the blade to avoid colliding with surface irregularities.,blade provided runner blade extend forward blade leading edge runner traverse surface irregularity allowing blade avoid colliding surface irregularity
US-9180028-B2,Patent Record US-9180028-B2,"The present invention relates generally a manufacturing process which results in a completely hydrogel polymer device that maintains lumen patency which allows for numerous applications. Catheters and stents are particular examples, and their composition, mechanical characteristics, and the significantly unique ability to conduct and allow fluids to pass from one end to the other without physiological rejection, inflammation, or manifestation of complications due to implant or otherwise undesirable outcomes when used for ambulatory and or therapeutic interventions is the purpose of the invention.",present invention relates generally manufacturing process result completely hydrogel polymer device maintains lumen patency allows numerous application catheter stent particular example composition mechanical characteristic significantly unique ability conduct allow fluid pas one end without physiological rejection inflammation manifestation complication due implant otherwise undesirable outcome used ambulatory therapeutic intervention purpose invention
US-6099309-A,Patent Record US-6099309-A,"A disposable right angle dental handpiece comprising a plastic housing having a sleeve, a tapered neck, a head and a disposable prophy cup. The cup being removably coupled to a driven rotating member located in the head section for simultaneously cleansing the surface of the teeth as well as the surrounding tissue and gingival crevice. The sleeve having an elongated opening for receiving a power drive from a dental unit. A gear ratio mechanism located in the sleeve, rather than in the head section, for increasing the shaft speed by a factor of two to three times. A gear to gear arrangement in the head section for transferring the directional rotation from the drive shaft to the prophy cup. The prophy cup comprising a flexible body having a cavity therein with a plurality of concentric rings made of cloth or felt material for holding the cleansing paste and also to avoid splattering.",disposable right angle dental handpiece comprising plastic housing sleeve tapered neck head disposable prophy cup cup removably coupled driven rotating member located head section simultaneously cleansing surface teeth well surrounding tissue gingival crevice sleeve elongated opening receiving power drive dental unit gear ratio mechanism located sleeve rather head section increasing shaft speed factor two three time gear gear arrangement head section transferring directional rotation drive shaft prophy cup prophy cup comprising flexible body cavity therein plurality concentric ring made cloth felt material holding cleansing paste also avoid splattering
US-4013070-A,Patent Record US-4013070-A,"A wraparound immobilizer for a body part of a patient, such as the knee, ankle or wrist, in which the inside and outside stays which assist in immobilizing the body part are adjustable to accommodate the size of the patient. Additionally, the stays may carry the attachment straps by which the immobilizer is secured about the body part.",wraparound immobilizer body part patient knee ankle wrist inside outside stay assist immobilizing body part adjustable accommodate size patient additionally stay may carry attachment strap immobilizer secured body part
US-5713876-A,Patent Record US-5713876-A,"A catheter insertion device incorporating a simple lever and clip structure which will safely lock a catheter hub of a catheter assembly to a normally disposable cannula housing and guard structure and which, in a simple mode, enables separation of the catheter hub from the cannula assembly or structure upon retraction and protective guarding of the used cannula. Specifically, an aspect resides in providing the lever release clip for a safety catheter which upon unlocking and releasing of the catheter hub concurrently pushes the catheter hub off a nose guard of the cannula assembly, while enabling a physician or clinical personnel to release the catheter by employing only one hand. A further embodiment is adapted to enable separation between the catheter hub of a flexible catheter and the needle or cannula arrangement of a catheter insertion device by simply manipulating a lever arranged on a cannula structure or nose guard thereof by simply pushing against a push-tab element.",catheter insertion device incorporating simple lever clip structure safely lock catheter hub catheter assembly normally disposable cannula housing guard structure simple mode enables separation catheter hub cannula assembly structure upon retraction protective guarding used cannula specifically aspect resides providing lever release clip safety catheter upon unlocking releasing catheter hub concurrently push catheter hub nose guard cannula assembly enabling physician clinical personnel release catheter employing one hand embodiment adapted enable separation catheter hub flexible catheter needle cannula arrangement catheter insertion device simply manipulating lever arranged cannula structure nose guard thereof simply pushing pushtab element
US-6824559-B2,Patent Record US-6824559-B2,A coated stent is provided including a coating comprising one or more co-polymers of ethylene with carboxylic acid wherein the carboxylic acid co-monomer content is 5-50 wt%.,coated stent provided including coating comprising one copolymer ethylene carboxylic acid wherein carboxylic acid comonomer content wt
US-9468662-B2,Patent Record US-9468662-B2,"A PAT nonapeptide of formula EAKSQGGSD (SEQ ID NO: 1) can be used to treat or prevent neurodegenerative diseases such as Alzheimer&#39;s disease, Parkinson&#39;s disease, Huntington&#39;s disease and amyotrophic lateral sclerosis. Pharmaceutical compositions containing the PAT nonapeptide can be formulated for administration by parenteral route, including the subcutaneous, intraperitoneal, intravenous or intranasal routes.",pat nonapeptide formula eaksqggsd seq id used treat prevent neurodegenerative disease alzheimers disease parkinson disease huntington disease amyotrophic lateral sclerosis pharmaceutical composition containing pat nonapeptide formulated administration parenteral route including subcutaneous intraperitoneal intravenous intranasal route
US-2004230609-A1,Patent Record US-2004230609-A1,"A method of providing a varied sequence of items, e.g. a varied diet, involves determining constraints and establishing a parameter target value. This informaiton is then used to populate a two dimensional grid representing items in varied arrangement.",method providing varied sequence item eg varied diet involves determining constraint establishing parameter target value informaiton used populate two dimensional grid representing item varied arrangement
US-2005232877-A1,Patent Record US-2005232877-A1,"The invention relates to the use of compounds of the general formula (I)  
                         
wherein 
       R,R′═HC 1-5 -hydrocarbon radical, —O—C 1-5 -oxyhydrcarbon radical and are identical or different    R 1 , R 2 , R 3 ═H, C 1-5 -hydrocarbon radical and are identical or different, X,Y═—O—; —O—C(O)—; —(O)C—O— and are identical or different,    A=A α =—O—C(O)—O—; A β =R 4 —CH 2 C(CH 2 —) 3 , Aγ=—C(H)isopropyl, R 4 ═R 4   δ =—CH 3 ; R 4   ε =—[CH 2 —CH(R 1 )] e -(Y) d —(CH 2 ) c -Ph(R) a , a,b=1 to 5 and are identical or different, c,k=0 to 5 and are identical or different, d,h=0 or 1 and are identical or different, e,g=0 or 1 and are identical or different, f=0 or 1, m=1 to 3, n=0 or 1, as solubilizing agents/solvents for dissolving organic UV filters.",invention relates use compound general formula wherein rrhc hydrocarbon radical oc oxyhydrcarbon radical identical different r r r h c hydrocarbon radical identical different xyo oco oco identical different aa ocoo r ch cch achisopropyl r r ch r ch chr e ch c phr ab identical different ck identical different dh identical different eg identical different f n solubilizing agentssolvents dissolving organic uv filter
US-7987775-B2,Patent Record US-7987775-B2,"The present invention relates to a portable household food cooker capable of receiving a food mixture and producing food items in a continuous fashion. The continuous food cooker generally includes a housing and a hopper. The hopper is disposed above the housing for receiving the food mixture and for dispensing the food mixture into the cooker. The continuous food cooker also includes a hot roller assembly for forming and cooking the food mixture, a hot roller drive assembly operatively attached to at least one roller, and a cutter for cutting the produced food item at a desired length. The hot roller assembly includes at least one rotatable roller and at least one heating element for heating the at least one roller. The at least one roller and the at least one heating element are disposed internally to the housing.",present invention relates portable household food cooker capable receiving food mixture producing food item continuous fashion continuous food cooker generally includes housing hopper hopper disposed housing receiving food mixture dispensing food mixture cooker continuous food cooker also includes hot roller assembly forming cooking food mixture hot roller drive assembly operatively attached least one roller cutter cutting produced food item desired length hot roller assembly includes least one rotatable roller least one heating element heating least one roller least one roller least one heating element disposed internally housing
US-5455766-A,Patent Record US-5455766-A,"The control system is programmable by the user by inserting a preprogrammed key into the system console. The key changes the default values normally used by the control system to those values selected by a particular surgeon. The control console thus emulates the performance characteristics of a wide variety of different types of microsurgical control systems, leaving the surgeon free to perform the operation without having to adjust to a new or unfamiliar system. The display screen is self-illuminating and provides a plurality of control menus generated by data stored in computer memory circuits. By bank switching the memory circuits, the display can be caused to appear in a wide variety of different languages.",control system programmable user inserting preprogrammed key system console key change default value normally used control system value selected particular surgeon control console thus emulates performance characteristic wide variety different type microsurgical control system leaving surgeon free perform operation without adjust new unfamiliar system display screen selfilluminating provides plurality control menu generated data stored computer memory circuit bank switching memory circuit display caused appear wide variety different language
US-2005008549-A1,Patent Record US-2005008549-A1,"A photocatalytic lamp is constructed to include a lamp body and a photocatalyst covering surrounding the lamp body, the photocatalyst covering being formed of a photocatalyst-coated breathing base material, which has a plurality of protruding flow guide portions that define with the periphery of the lamp body a respective buffer zone adapted to buffer the flowing of air.",photocatalytic lamp constructed include lamp body photocatalyst covering surrounding lamp body photocatalyst covering formed photocatalystcoated breathing base material plurality protruding flow guide portion define periphery lamp body respective buffer zone adapted buffer flowing air
US-6752718-B2,Patent Record US-6752718-B2,"A game program realizes a role playing game using cards with originality and amusement. In processing for selecting a scenario, a character is solicited to obtain three scenario cards in advance. Any of the scenario cards is selected from the three scenario cards according to operation of a player. When any of the scenario cards is selected, game development processing based on a scenario of the selected scenario card is executed. Subsequently, it is determined if conditions for clearing a scenario, for which the game development processing is executed, defined in the scenario in advance are met. The game development processing based on the scenario continues to be executed until the conditions for clearing the scenario are met. When the conditions for clearing the scenario are met, games based on scenarios of the remaining two scenario cards are developed.",game program realizes role playing game using card originality amusement processing selecting scenario character solicited obtain three scenario card advance scenario card selected three scenario card according operation player scenario card selected game development processing based scenario selected scenario card executed subsequently determined condition clearing scenario game development processing executed defined scenario advance met game development processing based scenario continues executed condition clearing scenario met condition clearing scenario met game based scenario remaining two scenario card developed
US-2006246040-A1,Patent Record US-2006246040-A1,"The present invention provides a deodorizing agent and a deodorizing method capable of effectively deodorizing an offensive odor substance caused by, for example, animal excreta. The deodorizing agent and method utilize a dry cell of a microorganism selected from the group consisting of bacteria belonging to the genus  Escherichia , bacteria belonging to the genus  Brevibacterium , and bacteria belonging to the genus  Bacillus , as an active ingredient.",present invention provides deodorizing agent deodorizing method capable effectively deodorizing offensive odor substance caused example animal excreta deodorizing agent method utilize dry cell microorganism selected group consisting bacteria belonging genus escherichia bacteria belonging genus brevibacterium bacteria belonging genus bacillus active ingredient
US-4223926-A,Patent Record US-4223926-A,"A knot tying mechanism with improved operational capabilities is disclosed. A twine disc rotatably mounted about a central fixed hub is angularly arranged to position the twine-gripping area for better acceptance of twine from the needle and thereby reduce the incidence of misties due to inadequate gripping. A billhook shaft extends through the fixed hub to properly support the billhook adjacent the twine-gripping area, and to transmit rotational power from the shaft to the twine disc.",knot tying mechanism improved operational capability disclosed twine disc rotatably mounted central fixed hub angularly arranged position twinegripping area better acceptance twine needle thereby reduce incidence misties due inadequate gripping billhook shaft extends fixed hub properly support billhook adjacent twinegripping area transmit rotational power shaft twine disc
US-6264615-B1,Patent Record US-6264615-B1,A method and apparatus for diagnosing the presence and extent of halitosis activity are disclosed. A method includes assaying for the presence of sulfides on the surface of a subject&#39;s tongue in order to determine the concentrations of sulfides in the fluids.,method apparatus diagnosing presence extent halitosis activity disclosed method includes assaying presence sulfide surface subject tongue order determine concentration sulfide fluid
US-6013882-A,Patent Record US-6013882-A,"A dental patient&#39;s chair which is fully and completely adjustable which includes a foot control system that eliminates the need to manipulate any hand-operated control knobs or levers. The dental patient&#39;s chair includes a linkage assembly which allows the seat to pivot and move in the same manner as the human body when the human body articulates about the complex pivot created at the pelvic bone, the upper legs, and the lower part of the backbone. The dental patient&#39;s chair allows the patient&#39;s body to remain in the same position relative to the backrest and the seat of the patient&#39;s chair as the chair is articulated in a variety of positions.",dental patient chair fully completely adjustable includes foot control system eliminates need manipulate handoperated control knob lever dental patient chair includes linkage assembly allows seat pivot move manner human body human body articulates complex pivot created pelvic bone upper leg lower part backbone dental patient chair allows patient body remain position relative backrest seat patient chair chair articulated variety position
US-6360119-B1,Patent Record US-6360119-B1,Disclosed is an electrode placement with a series of electrodes disposed therein to be used for a one-step placement of electrodes. The device is shaped to allow it to be positioned and placed on a patient so that accurate placement of electrodes is achieved.,disclosed electrode placement series electrode disposed therein used onestep placement electrode device shaped allow positioned placed patient accurate placement electrode achieved
US-8992438-B2,Patent Record US-8992438-B2,"A device for collection of exfoliated cells from the rectal mucosa comprises a hollow, cylindrical body having an inflatable and invertible flexible membrane attached to one end thereof. Applying positive pressure to inflate the membrane after the device is inserted, preferably through a rectal access tube, into the rectum causes exfoliated cells to be collected on the surface of the membrane. Before removal of the device, negative pressure is applied and the membrane, along with the collected sample of exfoliated cells, is deflated, inverted and withdrawn into the body of the device, thereby avoiding contact of the collected sample with body surfaces or the rectal access tube as the device is removed from the rectum.",device collection exfoliated cell rectal mucosa comprises hollow cylindrical body inflatable invertible flexible membrane attached one end thereof applying positive pressure inflate membrane device inserted preferably rectal access tube rectum cause exfoliated cell collected surface membrane removal device negative pressure applied membrane along collected sample exfoliated cell deflated inverted withdrawn body device thereby avoiding contact collected sample body surface rectal access tube device removed rectum
US-2011289703-A1,Patent Record US-2011289703-A1,"An interdental treatment device, such as a toothbrush, includes a handle configured to accommodate an electric power source, a head carrying an interdental treatment tool, and a neck between the handle and the head. The head or neck includes a mechanical motorized vibratory device, including a drive which causes the head to vibrate. Electrical connections are operably connected to the mechanical vibratory device and the electric power source to power the mechanical vibratory device via the electrical connections. In various embodiments, a switch may be operably connected to at least one of the electrical connections to interrupt power from the power source to the mechanical motorized vibratory device. In various embodiments, a vibration-damping structure dampens vibration transmission from the head to the handle.",interdental treatment device toothbrush includes handle configured accommodate electric power source head carrying interdental treatment tool neck handle head head neck includes mechanical motorized vibratory device including drive cause head vibrate electrical connection operably connected mechanical vibratory device electric power source power mechanical vibratory device via electrical connection various embodiment switch may operably connected least one electrical connection interrupt power power source mechanical motorized vibratory device various embodiment vibrationdamping structure dampens vibration transmission head handle
US-9127045-B2,Patent Record US-9127045-B2,"Methods for selectively manipulating a growth rate of a selected bacterium comprising the step of contacting the selected bacterium with a predetermined amount of a quorum sensing molecule to affect a change in the growth rate of the selected bacterium, wherein the quorum sensing molecule is species specific, and the change in the growth rate is dependent on the amount of quorum sensing molecule in a dose-dependent fashion. Also provided are methods for treating or protecting against bacterial infections by utilizing the dose-dependent response of bacterial quorum sensing systems. The methods can be applied to a wide range of bacteria species including  Streptococci, Staphylococci , and  Bacilli . Compositions, medicaments and oral formulations for use with the methods are also disclosed.",method selectively manipulating growth rate selected bacterium comprising step contacting selected bacterium predetermined amount quorum sensing molecule affect change growth rate selected bacterium wherein quorum sensing molecule specie specific change growth rate dependent amount quorum sensing molecule dosedependent fashion also provided method treating protecting bacterial infection utilizing dosedependent response bacterial quorum sensing system method applied wide range bacteria specie including streptococci staphylococci bacillus composition medicament oral formulation use method also disclosed
US-4318527-A,Patent Record US-4318527-A,"The invention relates to improvements in lightweight collapsible support structures in the nature of easels, book rests and the like which are self sustaining in a predetermined fully erected configuration, presenting in the fully erected configuration a multiplicity of forwardly facing panels upstanding in a rearwardly inclined or substantially vertical position to provide support surfaces for the displaying, supporting or anchoring of articles such as pads, books or the like and further presenting forwardly extending ledge portions from the bottom edges of such abutment surfaces, said ledges serving to rigidify and stabilize the erect configuration of these structures against collapse, but so adapted as to be foldable into a position allowing for such structures to be compactly folded up and collapsed for storage or for carrying when not in use.",invention relates improvement lightweight collapsible support structure nature easel book rest like self sustaining predetermined fully erected configuration presenting fully erected configuration multiplicity forwardly facing panel upstanding rearwardly inclined substantially vertical position provide support surface displaying supporting anchoring article pad book like presenting forwardly extending ledge portion bottom edge abutment surface said ledge serving rigidify stabilize erect configuration structure collapse adapted foldable position allowing structure compactly folded collapsed storage carrying use
US-2005228372-A1,Patent Record US-2005228372-A1,"The present invention relates to the field of electrosurgery, and more particularly to systems and methods for ablating, cauterizing and/or coagulating body tissue using radio frequency energy. More in particular, the systems utilize voltage threshold means for controlling the voltage applied to tissue in a cycle-to-cycle manner.",present invention relates field electrosurgery particularly system method ablating cauterizing andor coagulating body tissue using radio frequency energy particular system utilize voltage threshold mean controlling voltage applied tissue cycletocycle manner
US-2009014267-A1,Patent Record US-2009014267-A1,"An article of luggage is described, incorporating a folding hanger, mirror and shelf, and a number of permanent and removably attached containers inside the luggage. The article of luggage may be hung in an open configuration for use of the items stored within. It may also be folded for storage or transport, in which folded configuration the hanger, mirror and shelf are folded and stored internally in the luggage. The removably attached containers may be rearranged within the luggage to provide a custom configuration.",article luggage described incorporating folding hanger mirror shelf number permanent removably attached container inside luggage article luggage may hung open configuration use item stored within may also folded storage transport folded configuration hanger mirror shelf folded stored internally luggage removably attached container may rearranged within luggage provide custom configuration
US-4301154-A,Patent Record US-4301154-A,"Insecticidal compositions containing a mixture of 0,0-diethyl 0-(3,5,6-trichloro-2-pyridinyl)phosphorothioate and 3-(2,2-dichloroethenyl)-2,2-dimethylcyclopropane carboxylic acid:cyano(6-phenoxy-2-pyridinyl)methyl ester are disclosed. Such compositions are useful in the kill and control of insects, particularly insects of the Lepidoptera order and especially of the genus Heliothis.",insecticidal composition containing mixture diethyl trichloropyridinylphosphorothioate dichloroethenyldimethylcyclopropane carboxylic acidcyanophenoxypyridinylmethyl ester disclosed composition useful kill control insect particularly insect lepidoptera order especially genus heliothis
US-6832612-B2,Patent Record US-6832612-B2,"A cigarette filter that has a scavenging effect on smoking induced gas phase free radicals. The filter ingredients are comprised of proanthocyanidins and include, but are not limited to, extracts of barks of pine tree, extracts of cones of cypress trees, extracts of grape seeds, and any combination thereof. Also, vitamin C and other known antioxidant ingredients may be added.",cigarette filter scavenging effect smoking induced gas phase free radical filter ingredient comprised proanthocyanidins include limited extract bark pine tree extract cone cypress tree extract grape seed combination thereof also vitamin c known antioxidant ingredient may added
US-2012216372-A1,Patent Record US-2012216372-A1,An attachment selectively attachable to a pet training device that emits signal upon actuation by the hand that grasps the pet training device. The attachment includes an aperture for selectively securing the attachment to a hand and at least one connector for securing the attachment to the pet training device.,attachment selectively attachable pet training device emits signal upon actuation hand grasp pet training device attachment includes aperture selectively securing attachment hand least one connector securing attachment pet training device
US-2011196339-A1,Patent Record US-2011196339-A1,"An injection device for administering a substance, including a housing, a plunger rod which can be moved relative to the housing, at least one retaining element associated with the rod to hold the rod relative to the housing, and a displaceable locking sleeve which can be displaced relative to the housing from one position in which the sleeve holds the at least one retaining element in a retaining position to a second position in which the at least one retaining element is released.",injection device administering substance including housing plunger rod moved relative housing least one retaining element associated rod hold rod relative housing displaceable locking sleeve displaced relative housing one position sleeve hold least one retaining element retaining position second position least one retaining element released
US-2007225747-A1,Patent Record US-2007225747-A1,"Lung conditions are treated by implanting a flow restrictor in a passageway upstream from a diseased lung segment. The restrictor will create an orifice at the implantation site which inhibits air exchange with the segment to induce controlled atelectasis and/or hypoxia. Controlled atelectasis can induce collapse of the diseased segment with a reduced risk of pneumothorax. Hypoxia can promote gas exchange with non-isolated, healthy regions of the lung even in the absence of lung collapse.",lung condition treated implanting flow restrictor passageway upstream diseased lung segment restrictor create orifice implantation site inhibits air exchange segment induce controlled atelectasis andor hypoxia controlled atelectasis induce collapse diseased segment reduced risk pneumothorax hypoxia promote gas exchange nonisolated healthy region lung even absence lung collapse
US-6896266-B1,Patent Record US-6896266-B1,"A side bet for Blackjack also known as twenty-one is disclosed. The player places a side wager that the dealer&#39;s up card will be a ten-value card. If the dealer&#39;s up card is a ten-value card, then the player is paid 1 to 1. Potential additional side payoffs include whether the dealer&#39;s hole card is a ten-value card, in which case the player wins 3 to 1 or whether the dealer&#39;s hole card is an ace, in which case the player is paid 6 to 1. Other potential side payoffs are also disclosed.",side bet blackjack also known twentyone disclosed player place side wager dealer card tenvalue card dealer card tenvalue card player paid potential additional side payoff include whether dealer hole card tenvalue card case player win whether dealer hole card ace case player paid potential side payoff also disclosed
US-7744530-B2,Patent Record US-7744530-B2,"An apparatus for holding a surgical instrument relative to a base is provided having a mounting portion configured and dimensioned to engage a portion of a base, a jaw assembly including first and second jaw members which define a retaining area therebetween configured and dimensioned to retain the shaft of a surgical instrument therein and thereby fix the length of the instrument shaft relative to the base and an operative site, and an instrument position adjustment mechanism which includes an adjustment member rotatably disposed in relative to the mounting portion to facilitate selective position adjustment of the jaw assembly with respect to the mounting portion.",apparatus holding surgical instrument relative base provided mounting portion configured dimensioned engage portion base jaw assembly including first second jaw member define retaining area therebetween configured dimensioned retain shaft surgical instrument therein thereby fix length instrument shaft relative base operative site instrument position adjustment mechanism includes adjustment member rotatably disposed relative mounting portion facilitate selective position adjustment jaw assembly respect mounting portion
US-2007225212-A1,Patent Record US-2007225212-A1,"The invention employs GLP-1 (7-37), GLP-1(7-36)amide, and certain related compounds in combination with an oral hypoglycaemic agent for treating diabetes mellitus.",invention employ glp glpamide certain related compound combination oral hypoglycaemic agent treating diabetes mellitus
US-2008196719-A1,Patent Record US-2008196719-A1,"A supplemental air diffusion device is shaped and configured to be attached to the body or clothing of a patient below the head and deliver supplemental air toward the mouth and nose of the patient. The supplemental air diffusion device includes a frustroconicoidal air diffusion body that has a smaller inlet opening at an inlet end and an enlarged diffusion opening at a diffusion end. An air inlet stem is integrally attached to the air diffusion body and includes a plurality of ribs and/or recesses for releasably locking a female connector of an air supply hose over the inlet stem. A pair of spaced-apart slits are provided through a flange extending laterally from an outer surface of the air diffusion device. Initially separate accessory patient attachment clamps are looped through the slits and provide for releasable attachment of the air diffusion device to a patient&#39;s clothing. A kit may include an air diffusion device, one or more accessory patient attachment clamps, and an air supply hose for establishing fluid communication between the air diffusion device and an air supply.",supplemental air diffusion device shaped configured attached body clothing patient head deliver supplemental air toward mouth nose patient supplemental air diffusion device includes frustroconicoidal air diffusion body smaller inlet opening inlet end enlarged diffusion opening diffusion end air inlet stem integrally attached air diffusion body includes plurality rib andor recess releasably locking female connector air supply hose inlet stem pair spacedapart slit provided flange extending laterally outer surface air diffusion device initially separate accessory patient attachment clamp looped slit provide releasable attachment air diffusion device patient clothing kit may include air diffusion device one accessory patient attachment clamp air supply hose establishing fluid communication air diffusion device air supply
US-6342050-B1,Patent Record US-6342050-B1,"The invention concerns a garment ( 1 ) comprising an absorbent section ( 2 ) and a waist belt ( 3 ) attached directly or indirectly thereto. The waist belt has two belt portions ( 7, 8 ) extending on either side of said absorbent section for securing to each other around a wearer of the garment. The particular handling characteristics of the belt parts of the waist belt ( 3 ) are significantly improved by manufacturing a belt stiffness of between 25 g and 90 g as measured by the modified version of test ASTM D 4032-82",invention concern garment comprising absorbent section waist belt attached directly indirectly thereto waist belt two belt portion extending either side said absorbent section securing around wearer garment particular handling characteristic belt part waist belt significantly improved manufacturing belt stiffness g g measured modified version test astm
US-7591733-B1,Patent Record US-7591733-B1,"A training device for use with a golf club. A mounting member enables the device to be mounted on the grip of a golf club. A positioning member is threadly engaged with a threaded post which is substantially perpendicular to the top surface of the mounting, the height of the positioner being adjustable to accommodate the hand size of the golfer.",training device use golf club mounting member enables device mounted grip golf club positioning member threadly engaged threaded post substantially perpendicular top surface mounting height positioner adjustable accommodate hand size golfer
US-2007119605-A1,Patent Record US-2007119605-A1,"A system and apparatus for extinguishing a fire of a difficult to extinguish fuel or flammable liquid in a storage tank fitted with at least a significant top roof portion, the system including timely discharge of dry powder into a significantly enclosed space or cavity defined between the fuel/liquid surface, or between any floater remaining thereon, and the fixed top roof portion, and apparatus to facilitate the system.",system apparatus extinguishing fire difficult extinguish fuel flammable liquid storage tank fitted least significant top roof portion system including timely discharge dry powder significantly enclosed space cavity defined fuelliquid surface floater remaining thereon fixed top roof portion apparatus facilitate system
US-8562944-B2,Patent Record US-8562944-B2,A composition comprising PAA nanoparticles containing a post loaded tetrapyrollic photosensitizer and an imaging agent and methods for making and using same.,composition comprising paa nanoparticles containing post loaded tetrapyrollic photosensitizer imaging agent method making using
US-4285403-A,Patent Record US-4285403-A,"A waterproofed explosive charge is suspended within a frangible, spherical shell containing an aqueous solution. The assembly is dropped from an airplane or helicopter towards a fire below. Either a shock-actuated percussion cap or a fuse-ignited detonation cap activates the explosive charge at the appropriate moment and the resultant explosion creates a vapor-like fog. A portion of the combustion-supporting oxygen is displaced by the fog droplets. The minute water droplets also absorb heat energy, thereby lowering surrounding air and fuel temperatures. These effects, coupled with the concussive shock wave, act to snuff the fire.",waterproofed explosive charge suspended within frangible spherical shell containing aqueous solution assembly dropped airplane helicopter towards fire either shockactuated percussion cap fuseignited detonation cap activates explosive charge appropriate moment resultant explosion creates vaporlike fog portion combustionsupporting oxygen displaced fog droplet minute water droplet also absorb heat energy thereby lowering surrounding air fuel temperature effect coupled concussive shock wave act snuff fire
US-2017354706-A1,Patent Record US-2017354706-A1,"The invention relates to a hybrid proteinaceous molecule comprising at least two proteins capable of inhibiting the activity of at least one antibiotic, the proteins each having different biochemical properties and being bonded to one another. The hybrid proteinaceous molecule inhibits the activity of a least one antibiotic in order to reduce the intestinal side effects of antibiotics, such as severe diarrhoea caused by the antibiotics, and nosocomial infections secondary to parenteral antibiotic therapy.",invention relates hybrid proteinaceous molecule comprising least two protein capable inhibiting activity least one antibiotic protein different biochemical property bonded one another hybrid proteinaceous molecule inhibits activity least one antibiotic order reduce intestinal side effect antibiotic severe diarrhoea caused antibiotic nosocomial infection secondary parenteral antibiotic therapy
US-6167258-A,Patent Record US-6167258-A,"A programmable wireless data acquisition system, comprising a transmitting device and a receiving device. The transmitting device is capable of receiving multiple external inputs and generating and transmitting a radio frequency signal encoded with data corresponding to the inputs. The transmitting device is variably configurable to enable it to accept inputs having different characteristics and ranges and to enable it to provide variable sampling rate, gain and filtering of the inputs. The transmitting device having a microprocessor such that the microprocessor controls the operation thereof. The receiving device is capable of receiving the radio frequency signal, demodulating it and decoding the data. The receiving device has a microprocessor such that the microprocessor controls the operation thereof. External programming device programs the transmitting device and the receiving device by wired connection or through radio frequency signal.",programmable wireless data acquisition system comprising transmitting device receiving device transmitting device capable receiving multiple external input generating transmitting radio frequency signal encoded data corresponding input transmitting device variably configurable enable accept input different characteristic range enable provide variable sampling rate gain filtering input transmitting device microprocessor microprocessor control operation thereof receiving device capable receiving radio frequency signal demodulating decoding data receiving device microprocessor microprocessor control operation thereof external programming device program transmitting device receiving device wired connection radio frequency signal
US-8875314-B1,Patent Record US-8875314-B1,"A tool kit vest assembly securely holds and provides easy access to tools, allows for adjustment of the vest, and provides ventilation to dissipate heat. The assembly includes a flexible panel having a first end and a second end. An aperture is positioned in the panel between the first end and the second end and between a pair of lateral sides of the panel. A dorsal portion of the panel extends from the aperture to the first end of the panel. A pocket is coupled to the panel. A flap is coupled to the pocket and is positionable between an opened position and a closed position. An interior fastener couples the flap to the pocket when the flap is in the closed position. An exterior fastener couples the flap to the panel when the flap is in the opened position.",tool kit vest assembly securely hold provides easy access tool allows adjustment vest provides ventilation dissipate heat assembly includes flexible panel first end second end aperture positioned panel first end second end pair lateral side panel dorsal portion panel extends aperture first end panel pocket coupled panel flap coupled pocket positionable opened position closed position interior fastener couple flap pocket flap closed position exterior fastener couple flap panel flap opened position
US-9861091-B2,Patent Record US-9861091-B2,"The present improved animal trap and unique catch release mechanism eliminates substantial eating or removal of the bait without the trap activating and provides a dual means to activate the trap. This is accomplished by the present catch release mechanism having a sliding member which slides within a hole through the platform of the trap under the influence of gravity and a prop which holds at least a portion of the trap platform above a support surface. When the prop is destabilized by an external force, the prop&#39;s support of the platform is disturbed, permitting the platform to fall toward the support surface. The platform falls relative to the sliding member; and the sliding member is forced toward the catch by contact with the support surface, thus pushing the catch so that the catch releases the holding arm bar to activate the trap.",present improved animal trap unique catch release mechanism eliminates substantial eating removal bait without trap activating provides dual mean activate trap accomplished present catch release mechanism sliding member slide within hole platform trap influence gravity prop hold least portion trap platform support surface prop destabilized external force prop support platform disturbed permitting platform fall toward support surface platform fall relative sliding member sliding member forced toward catch contact support surface thus pushing catch catch release holding arm bar activate trap
US-9161853-B2,Patent Record US-9161853-B2,"The present disclosure provides a delivery system for a self-expanding implant ( 31 ) which includes a sheath ( 41, 42 ) which surrounds and constrains the implant prior to delivery and a confining element ( 80 ) which surrounds the sheath during storage. The confining element preferably includes elongate members ( 81 ) running axially along the sheath, which compress the sheath and the stent to reduce hoop stress in the system without promoting undesired adhesion between layers of the sheath.",present disclosure provides delivery system selfexpanding implant includes sheath surround constrains implant prior delivery confining element surround sheath storage confining element preferably includes elongate member running axially along sheath compress sheath stent reduce hoop stress system without promoting undesired adhesion layer sheath
US-2016287004-A1,Patent Record US-2016287004-A1,An espresso machine that includes a group control head for controlling the brewing and dispensing of espresso drinks. The group control head is in communication with a controller and memory. The combination is arranged to selectively record into the memory the brewing parameters during the dosing of espresso. A subsequent operation of the group control head then enables the controller to recall the recorded parameters such that the previous brewing conditions are replicated. Associated methods for recording the parameters under control of the group control head are also described.,espresso machine includes group control head controlling brewing dispensing espresso drink group control head communication controller memory combination arranged selectively record memory brewing parameter dosing espresso subsequent operation group control head enables controller recall recorded parameter previous brewing condition replicated associated method recording parameter control group control head also described
US-5499632-A,Patent Record US-5499632-A,"Disclosed herein is a guide wire migration controller device. The device includes a housing, a gripper insertable in the housing and a locking member for keeping the gripper within the housing. The gripper grips a guide wire operated by a motor drive unit. The gripper limits the migrational movement of the guide wire by gripping the guide wire and limiting the movement to the amount of tolerance between the gripper and the housing and locking member. The gripper rotates freely within the housing depending upon the rotational movement of the catheter torque cable wire. In a preferred embodiment the migrational movement of the guide wire along its longitudinal axis is translated into slidable movement of the controller relative to the motor drive unit.",disclosed herein guide wire migration controller device device includes housing gripper insertable housing locking member keeping gripper within housing gripper grip guide wire operated motor drive unit gripper limit migrational movement guide wire gripping guide wire limiting movement amount tolerance gripper housing locking member gripper rotates freely within housing depending upon rotational movement catheter torque cable wire preferred embodiment migrational movement guide wire along longitudinal axis translated slidable movement controller relative motor drive unit
US-5284460-A,Patent Record US-5284460-A,"Apparatus and method for skate training exercise comprising arms of relatively long length pivotably mounted on a frame. The user&#39;s foot is secured in a stirrup on the arm opposite the pivot point. A resistance means is provided to provide resistance as the user pushes his foot away from the body along an arcuate path defined by the arm in simulated skating stroke. A return means is provided to assist the user in returning his foot along the arcuate path after predetermined angle is traversed. Various resistant means include electro-magnetic, fly wheel-fan and weight stack.",apparatus method skate training exercise comprising arm relatively long length pivotably mounted frame user foot secured stirrup arm opposite pivot point resistance mean provided provide resistance user push foot away body along arcuate path defined arm simulated skating stroke return mean provided assist user returning foot along arcuate path predetermined angle traversed various resistant mean include electromagnetic fly wheelfan weight stack
US-5413109-A,Patent Record US-5413109-A,"A device for analyzing the function of a heart has an electrical measurement unit for generating a measurement signal related to an electrical or mechanical heart variable, and an evaluation unit for evaluating the measurement signal. The device further includes circuitry for generating at least one parameter signal from the measurement signal. The evaluation unit analyzes related values in the measurement signal and the parameter signal, these related values corresponding to coordinates which form a curve in a coordinate system, the measurement signal and the parameter signal serving as coordinate axes, by sensing the sequence in which the curve passes a predesignated number of areas in the coordinate system. The device is capable of detecting spontaneous and stimulated heartbeats, tachyarrhythmias, retrograde conduction, ectopic beats, etc.",device analyzing function heart electrical measurement unit generating measurement signal related electrical mechanical heart variable evaluation unit evaluating measurement signal device includes circuitry generating least one parameter signal measurement signal evaluation unit analyzes related value measurement signal parameter signal related value corresponding coordinate form curve coordinate system measurement signal parameter signal serving coordinate ax sensing sequence curve pass predesignated number area coordinate system device capable detecting spontaneous stimulated heartbeat tachyarrhythmias retrograde conduction ectopic beat etc
US-2007101504-A1,Patent Record US-2007101504-A1,"A bolster for resisting rolling of a person off of a mattress, comprising a lateral cushion adapted to be disposed proximate and parallel to an edge of the mattress, and a tensile portion having a means for attachment to said lateral cushion, providing a distributed tensile force to resist a laterally outward displacement of the lateral cushion, the tensile force being transmitted beneath the mattress having a force vector downward and inward. Both the lateral cushion and the mattress may be inflatable, and preferably a pair of lateral cushions, interconnected by a tensile sheet below the mattress, are provided.",bolster resisting rolling person mattress comprising lateral cushion adapted disposed proximate parallel edge mattress tensile portion mean attachment said lateral cushion providing distributed tensile force resist laterally outward displacement lateral cushion tensile force transmitted beneath mattress force vector downward inward lateral cushion mattress may inflatable preferably pair lateral cushion interconnected tensile sheet mattress provided
US-5149098-A,Patent Record US-5149098-A,"There is disclosed herein a game using jigsaw puzzle like game boards but wherein each game piece in the form of a jigsaw puzzle piece and the underlying board both have matching letter and number identifications facilitating locating where the game piece is to be placed. Certain game pieces have a unique indicia, such as the word &#34;Scramble&#34; which, after being placed on a board, results in the game boards of all players being shifted one player position. The game boards are like jigsaw puzzles with borders to retain the game pieces on the board. Each player has a board, and all game pieces are piled on the playing table. The first player selects a number of game pieces, such as ten, and places those matching his board on his board, and those not matching are returned to the pile. The first player to complete a puzzle is the winner.",disclosed herein game using jigsaw puzzle like game board wherein game piece form jigsaw puzzle piece underlying board matching letter number identification facilitating locating game piece placed certain game piece unique indicia word scramble placed board result game board player shifted one player position game board like jigsaw puzzle border retain game piece board player board game piece piled playing table first player selects number game piece ten place matching board board matching returned pile first player complete puzzle winner
US-4254805-A,Patent Record US-4254805-A,"A closed agri-chemical mixing and transferring system ideally adapted for mixing agri-chemical concentrate for subsequent use in agricultural spraying operations. The system comprises a plurality of independently operable subsystems for generating vacuum, intaking raw concentrate, and subsequently loading a sprayer device. The self-contained vacuum subsystem comprises a pump for generating partial vacuum, and means for selectively introducing partial vacuum to preselected ones of a plurality of chemical holding tanks. The mixing subsystem comprises a plurality of couplings adapted to be connected to external probes which may be attached to external chemical concentrate containers. Probe inlet switching valves in fluid flow communication with holding tanks direct partial vacuum to draw chemical concentrate through the probes into the holding tanks. The loading subsystem comprises a transfer manifold adapted to be connected to a source of water and a plurality of dump valves for selectively transferring the concentrated contents of a loaded holding tank to the transfer manifold. Transfer pump means are employed to transfer liquids within the transfer manifold through appropriate valves to an external sprayer machine thereby loading same. A powder box subsystem is preferably included to accommodate dry chemical concentrate.",closed agrichemical mixing transferring system ideally adapted mixing agrichemical concentrate subsequent use agricultural spraying operation system comprises plurality independently operable subsystem generating vacuum intaking raw concentrate subsequently loading sprayer device selfcontained vacuum subsystem comprises pump generating partial vacuum mean selectively introducing partial vacuum preselected one plurality chemical holding tank mixing subsystem comprises plurality coupling adapted connected external probe may attached external chemical concentrate container probe inlet switching valve fluid flow communication holding tank direct partial vacuum draw chemical concentrate probe holding tank loading subsystem comprises transfer manifold adapted connected source water plurality dump valve selectively transferring concentrated content loaded holding tank transfer manifold transfer pump mean employed transfer liquid within transfer manifold appropriate valve external sprayer machine thereby loading powder box subsystem preferably included accommodate dry chemical concentrate
US-5012822-A,Patent Record US-5012822-A,"A method and apparatus for controlling urinary incontinence in a patient includes positioning a reservoir containing fluid subcutaneously over the patient&#39;s anterior pubis; an inflatable compression balloon between the patient&#39;s posterior pubic symphysis and urethra; and a conduit extending over the pubis for fluid communication between said reservoir and said compression balloon. The compression balloon is inflated in response to fluid flow from said reservoir, when manually compresed by the patient. A manually releasable, one-way valve positioned in the conduit between said reservoir and said compression device retains fluid in the compression balloon under pressure and is externally actuable by the patient for equilibrating pressure in the reservoir and compression balloons to permit voiding. The bladder of the patient is elevated and connected anteriorly to the patient&#39;s abdominal wall by a felt matrix or mesh patch affixed to the bladder to effectively lengthen and stabilize the urethra. The compression balloon is arranged and positioned to compress in an inferior-posterior direction solely against an extended area the anterior side of urethra for occluding the urethra.",method apparatus controlling urinary incontinence patient includes positioning reservoir containing fluid subcutaneously patient anterior pubis inflatable compression balloon patient posterior pubic symphysis urethra conduit extending pubis fluid communication said reservoir said compression balloon compression balloon inflated response fluid flow said reservoir manually compresed patient manually releasable oneway valve positioned conduit said reservoir said compression device retains fluid compression balloon pressure externally actuable patient equilibrating pressure reservoir compression balloon permit voiding bladder patient elevated connected anteriorly patient abdominal wall felt matrix mesh patch affixed bladder effectively lengthen stabilize urethra compression balloon arranged positioned compress inferiorposterior direction solely extended area anterior side urethra occluding urethra
US-2014236227-A1,Patent Record US-2014236227-A1,"A system for wound closure has at least two closure elements. One closure element is detachably tethered to another closure element. Each closure element includes: a base member with an integral strap hingably connected to the base member, and a lock member slidably disposed on the strap and being lockable on the strap. Alternatively, the base member defines a plane and the strap being affixed to the base member at an angle to the plane. The system may further include a wound covering disposed between the straps and the wound. The wound covering may be a laminate having at least two layers; a first layer is a moisture impervious layer adapted to contain body heat, and a second hydrophilic layer is adapted to retain moisture.",system wound closure least two closure element one closure element detachably tethered another closure element closure element includes base member integral strap hingably connected base member lock member slidably disposed strap lockable strap alternatively base member defines plane strap affixed base member angle plane system may include wound covering disposed strap wound wound covering may laminate least two layer first layer moisture impervious layer adapted contain body heat second hydrophilic layer adapted retain moisture
US-2009093741-A1,Patent Record US-2009093741-A1,Manual CPR apparatus allowing the application of force at two points separated by a line making a nonperpendicular angle relative to the longitudinal axis of the patient. The line separating the two force points may also lie out of the plane formed by the device&#39;s belt which circumnavigates the patient&#39;s torso. These geometrical configurations allow the facile application of the CPR force to the device by one or more operators located along the side of the patient. The device may have the capability to limit the achieved circular chest compression to one of a plurality of magnitudes. The device may also provide signals to indicate the appropriate times for applying pressure and may incorporate electrocardiogram and defibrillation components. The device may contact the patient&#39;s chest with a suction cup or other adhering component to assist in the patient&#39;s chest expanding in the interval between compressive strokes.,manual cpr apparatus allowing application force two point separated line making nonperpendicular angle relative longitudinal axis patient line separating two force point may also lie plane formed device belt circumnavigates patient torso geometrical configuration allow facile application cpr force device one operator located along side patient device may capability limit achieved circular chest compression one plurality magnitude device may also provide signal indicate appropriate time applying pressure may incorporate electrocardiogram defibrillation component device may contact patient chest suction cup adhering component assist patient chest expanding interval compressive stroke
US-5904659-A,Patent Record US-5904659-A,"A portable therapeutic device and method of use generate longitudinally propagating ultrasound and shear waves generated by such longitudinally propagating ultrasound to provide effective healing of wounds. A transducer having an operative surface is disposed substantially adjacent to the wound to emit ultrasound to propagate in the direction of the wound to promote healing. Reflections of the ultrasound by bone tissue, by skin layers, or by internally disposed reflective media propagate toward the wound as longitudinal waves, with shear waves generated by the longitudinal waves for the healing of the wound. A focusing element is used for focusing the propagation of the ultrasound at a predetermined angle toward the wound. The operative surface of the transducer may be annularly shaped to encircle the wound to convey the ultrasound and/or reflected ultrasound thereto. A housing may be provided for positioning the transducer near a portion of the skin near the wound, and for indenting the skin to form a cavity, with the transducer disposed in the cavity to emit the ultrasound toward an internal surface of the wound. Fixture structures, such as adjustable straps, may extend about a portion of the body to position the transducer near the wound.",portable therapeutic device method use generate longitudinally propagating ultrasound shear wave generated longitudinally propagating ultrasound provide effective healing wound transducer operative surface disposed substantially adjacent wound emit ultrasound propagate direction wound promote healing reflection ultrasound bone tissue skin layer internally disposed reflective medium propagate toward wound longitudinal wave shear wave generated longitudinal wave healing wound focusing element used focusing propagation ultrasound predetermined angle toward wound operative surface transducer may annularly shaped encircle wound convey ultrasound andor reflected ultrasound thereto housing may provided positioning transducer near portion skin near wound indenting skin form cavity transducer disposed cavity emit ultrasound toward internal surface wound fixture structure adjustable strap may extend portion body position transducer near wound
US-2014199658-A1,Patent Record US-2014199658-A1,A modified dental implant fixture designed with a multiple of three or more thread or groove patterns which provide adequate wall thickness for a deep female conical connection such that the threads or grooves transition from smaller to larger moving in the apical direction along the long axis of the dental implant.,modified dental implant fixture designed multiple three thread groove pattern provide adequate wall thickness deep female conical connection thread groove transition smaller larger moving apical direction along long axis dental implant
US-2009035286-A1,Patent Record US-2009035286-A1,The present invention is a method for improving cardiac function and myocardial regeneration in living subjects after the occurrence of myocardial infarction. The method is a combination stem cell therapy involving a mixture of bone marrow-derived mesenchymal stem cells and bone marrow derived mononuclear cells surgically implanted by using either a direct or catheter-mediated injection into damaged myocardium. Studies have shown that the implant improves heart function and myocardial regeneration and echocardiographic measurements.,present invention method improving cardiac function myocardial regeneration living subject occurrence myocardial infarction method combination stem cell therapy involving mixture bone marrowderived mesenchymal stem cell bone marrow derived mononuclear cell surgically implanted using either direct cathetermediated injection damaged myocardium study shown implant improves heart function myocardial regeneration echocardiographic measurement
US-6444358-B1,Patent Record US-6444358-B1,"A laryngoscope constructed of materials including metal components having very low magnetic susceptibilities is described. The battery powering the laryngoscope lamp is a lithium battery also constructed of materials having low magnetic susceptibilities. The battery further includes a unique terminal configuration that prevents the inadvertent use of other batteries, including non-magnetic batteries, in the laryngoscope. A unique lamp retaining mechanism provides for quick and easy replacement of the lamp.",laryngoscope constructed material including metal component low magnetic susceptibility described battery powering laryngoscope lamp lithium battery also constructed material low magnetic susceptibility battery includes unique terminal configuration prevents inadvertent use battery including nonmagnetic battery laryngoscope unique lamp retaining mechanism provides quick easy replacement lamp
US-2015250320-A1,Patent Record US-2015250320-A1,"A stuffed chair with one or more seats, in particular an armchair or a couch, has a seat, a backrest, and at least one mobile part, which is configured to move relative to a fixed part due to the action of an actuating device supplied with power by a rechargeable battery housed inside a containing box; the containing box being mounted in the stuffed chair and opening up outwards in correspondence to an outer surface of the stuffed chair to allow access to the rechargeable battery.",stuffed chair one seat particular armchair couch seat backrest least one mobile part configured move relative fixed part due action actuating device supplied power rechargeable battery housed inside containing box containing box mounted stuffed chair opening outwards correspondence outer surface stuffed chair allow access rechargeable battery
US-4124123-A,Patent Record US-4124123-A,"A structural unit, such as for instance a storage framework composed of a plurality of storage frame components assembled into a storage rack, for use, for example, in warehousing systems. The framework comprises generally vertical column members which in certain embodiments are basically of a generally U-shaped configuration in horizontal cross section, but having a connecting or bridging plate or member disposed between and connected to the arms of the U, with the bridging member being preferably recessed inwardly from the distal ends of the arms. A fastener means, such as for instance a threaded stud, is secured to the bridging plate and projects generally perpendicularly outwardly therefrom. In other embodiments the column members are tubular and of polygonal configuration in horizontal cross section with the studs secured to spaced plates attached to one face of the respective column. Laterally extending connecting assemblies including load carrying means, are connected to and spaced vertically along the columns, and define the storage volumes in the storage rack. The connecting assemblies include vertically elongated end members having an opening therethrough through which is received a respective stud. In certain embodiments the end members are adapted to be deformed or prestressed upon tightening actuation of an associated fastener such as for instance a threaded nut, on the stud, thereby enhancing the rigidity of the connection at the fastener. One advantage of this arrangement over prior art is that generally standard structural components can be utilized in the formulation of the framework rather than requiring the necessity of substantial amounts of custom made components, and mass production of the framework components is facilitated. A method of eliminating the need for diagonal bracing in the ladders of the storage framework is likewise disclosed, and in a manner whereby the diagonal integrity of the load supporting assemblies of a storage rack is maintained.",structural unit instance storage framework composed plurality storage frame component assembled storage rack use example warehousing system framework comprises generally vertical column member certain embodiment basically generally ushaped configuration horizontal cross section connecting bridging plate member disposed connected arm u bridging member preferably recessed inwardly distal end arm fastener mean instance threaded stud secured bridging plate project generally perpendicularly outwardly therefrom embodiment column member tubular polygonal configuration horizontal cross section stud secured spaced plate attached one face respective column laterally extending connecting assembly including load carrying mean connected spaced vertically along column define storage volume storage rack connecting assembly include vertically elongated end member opening therethrough received respective stud certain embodiment end member adapted deformed prestressed upon tightening actuation associated fastener instance threaded nut stud thereby enhancing rigidity connection fastener one advantage arrangement prior art generally standard structural component utilized formulation framework rather requiring necessity substantial amount custom made component mass production framework component facilitated method eliminating need diagonal bracing ladder storage framework likewise disclosed manner whereby diagonal integrity load supporting assembly storage rack maintained
US-6106411-A,Patent Record US-6106411-A,"The present invention relates to still another improvement in golf club design. In accordance with the present invention, the laws of statics and dynamics are applied to create a precisely and efficiently balanced gold club head. The golf club of the present invention is constructed so that the moment generated at the center of mass of the entire club is essentially equal to the moment at the club head. This is accomplished by analyzing and adjusting the mass distribution within the golf club to move the relative positioning of the moment of the center of mass closer to the moment of the center of percussion on the club head. The invention thereby relates to the design and manufacture of a golf club, and a golf club set, which provides more positive power and control in the club head by applying superior physical characteristics in the construction of the golf club within the standards established by traditional golf club guide lines and the rules of golf.",present invention relates still another improvement golf club design accordance present invention law static dynamic applied create precisely efficiently balanced gold club head golf club present invention constructed moment generated center mass entire club essentially equal moment club head accomplished analyzing adjusting mass distribution within golf club move relative positioning moment center mass closer moment center percussion club head invention thereby relates design manufacture golf club golf club set provides positive power control club head applying superior physical characteristic construction golf club within standard established traditional golf club guide line rule golf
US-6280399-B1,Patent Record US-6280399-B1,"A device for delivering a substance such as a surgical sealant or adhesive to an internal portion of the body that has been acted on by a procedure performing instrument such as a catheter, trocar, laparoscopic instrument or a biopsy device is described. The invention more particularly relates to a biopsy device for obtaining one or more tissue samples and for applying at least one substance to the biopsy site in one operation.",device delivering substance surgical sealant adhesive internal portion body acted procedure performing instrument catheter trocar laparoscopic instrument biopsy device described invention particularly relates biopsy device obtaining one tissue sample applying least one substance biopsy site one operation
US-5297698-A,Patent Record US-5297698-A,"An assembly for mixing and dispensing preparations such as dental cements includes a capsule and a lever actuated dispensing device. The capsule is received in a first orientation of the dispensing device for initial movement of a piston of the capsule to combine two components in a mixing chamber of the capsule. The capsule is received in a second orientation when dispensing of the components is desired. The capsule includes flanges engageable with one or more retention members of the dispensing device, and the flanges are positioned to substantially utilize the mechanical advantage provided by the dispensing device regardless of whether the capsule is in the first orientation or in the second orientation. The flanges are also arranged to substantially prohibit bursting of the capsule when the components are discharged from the mixing chamber, and essentially preclude dispensing of the components when the capsule is in the first orientation.",assembly mixing dispensing preparation dental cement includes capsule lever actuated dispensing device capsule received first orientation dispensing device initial movement piston capsule combine two component mixing chamber capsule capsule received second orientation dispensing component desired capsule includes flange engageable one retention member dispensing device flange positioned substantially utilize mechanical advantage provided dispensing device regardless whether capsule first orientation second orientation flange also arranged substantially prohibit bursting capsule component discharged mixing chamber essentially preclude dispensing component capsule first orientation
US-5676530-A,Patent Record US-5676530-A,"A cassette latching mechanism generally including an articulating clamp mounted on the end of a pneumatic cylinder. The clamp interacts with a slot, tab or tang on the cassette housing to hold the cassette firmly within a surgical console.",cassette latching mechanism generally including articulating clamp mounted end pneumatic cylinder clamp interacts slot tab tang cassette housing hold cassette firmly within surgical console
US-7333857-B2,Patent Record US-7333857-B2,"The method disclosed herein entails spinal cord stimulation via electrodes placed directly into the dorsal horn, dorsal column, spinothalamic tract, nucleus cuneatus, nucleus gracilis, spinal tract of V, or spinal nucleus of V (nucleus caudalis) depending on the source of pain. This “intramedullary” stimulation “jams” or otherwise prevents the pain signal from being transmitted. The method provides a means to stimulate the targeted area directly, creating a stable means of stimulating the desired area, and decreasing stimulation of other structures.",method disclosed herein entail spinal cord stimulation via electrode placed directly dorsal horn dorsal column spinothalamic tract nucleus cuneatus nucleus gracilis spinal tract v spinal nucleus v nucleus caudalis depending source pain intramedullary stimulation jam otherwise prevents pain signal transmitted method provides mean stimulate targeted area directly creating stable mean stimulating desired area decreasing stimulation structure
US-2004162491-A1,Patent Record US-2004162491-A1,"In a method and a device to localize regions in a biological tissue section, at least during the examination the tissue section exhibits one fluorescence property differing from the tissue section, due to which, given an exposure with light of a first wavelength, light of another wavelength is emitted.  
     A sequence of fluorescence-exciting light signals at different locations on the tissue-section is applied. Fluorescence light is measured at a number of measurement locations on a surface of the tissue section, which appears there due to the light signals. Frequency-independent signal portions in the response signals are determined and are further processed into input values of a localization step. The tissue section is modeled and a set of guide fields is determined. The guide fields are transformed that in a localization step the frequency-independent signal portions are compared with the transformed guide fields, and the location of the transformed guide fields that best reproduce the frequency-independent signal portions is output as the location of the region to be localized.",method device localize region biological tissue section least examination tissue section exhibit one fluorescence property differing tissue section due given exposure light first wavelength light another wavelength emitted sequence fluorescenceexciting light signal different location tissuesection applied fluorescence light measured number measurement location surface tissue section appears due light signal frequencyindependent signal portion response signal determined processed input value localization step tissue section modeled set guide field determined guide field transformed localization step frequencyindependent signal portion compared transformed guide field location transformed guide field best reproduce frequencyindependent signal portion output location region localized
US-2013066239-A1,Patent Record US-2013066239-A1,"Disclosed are methods and systems for non-invasive ultrasound neuromodulation of superficial cortex of the brain or stimulation of nerve roots or peripheral nerves. Such stimulation is used for such purposes as determination of motor threshold, demonstrating whether connectivity to peripheral nerves or motor neurons exists and performing nerve conduction-speed studies. Neuromodulation of the brain allows treatment of conditions such as depression via stimulating superficial neural structures that have connections to deeper involved centers. Imaging is optional.",disclosed method system noninvasive ultrasound neuromodulation superficial cortex brain stimulation nerve root peripheral nerve stimulation used purpose determination motor threshold demonstrating whether connectivity peripheral nerve motor neuron exists performing nerve conductionspeed study neuromodulation brain allows treatment condition depression via stimulating superficial neural structure connection deeper involved center imaging optional
US-8235053-B2,Patent Record US-8235053-B2,"A punctal plug is disclosed, wherein the punctal plug includes a body portion and a retaining portion. The body portion is defined by an open distal end, an open proximal end and a wall portion. The wall portion further includes at least one window extending therethrough. The retaining flange is configured to have an outer periphery that is larger than the outer periphery of the body portion. A method of delivering a therapeutic agent to a patient using a punctal plug is also disclosed.",punctal plug disclosed wherein punctal plug includes body portion retaining portion body portion defined open distal end open proximal end wall portion wall portion includes least one window extending therethrough retaining flange configured outer periphery larger outer periphery body portion method delivering therapeutic agent patient using punctal plug also disclosed
US-2007163019-P1,Patent Record US-2007163019-P1,"A new and distinct variety of  Pinus thumbergiana  named ‘Kanemi’, being distinctively different, smaller in size and with shorter needles, than known  Pinus thumbergiana  cultivars.",new distinct variety pinus thumbergiana named kanemi distinctively different smaller size shorter needle known pinus thumbergiana cultivar
US-2009199336-A1,Patent Record US-2009199336-A1,"A split-top, bed covering for two users comprising a single, integral sheet of textile with a left upper portion with medial wing, a right upper portion with medial wing, and a foot portion is described. All portions, including wings, are formed seamlessly during manufacturing of the textile. The medial wings of upper left and right portions overlap. The textile may be, inter alia, of woven, non-woven, crocheted, knitted, knotted, tufted, or composite construction.",splittop bed covering two user comprising single integral sheet textile left upper portion medial wing right upper portion medial wing foot portion described portion including wing formed seamlessly manufacturing textile medial wing upper left right portion overlap textile may inter alia woven nonwoven crocheted knitted knotted tufted composite construction
US-2005202097-A1,Patent Record US-2005202097-A1,"A formulation has been developed for treatment of the symptoms of dry eye which incorporates the natural product jojoba wax, or components thereof, to enhance the spreading of the artificial tear and eyedrop as well as stabilize the eyedrop. The improved performance of the jojoba wax supplemented tear relieves irritation and discomfort as well as sharpens the blurred vision.",formulation developed treatment symptom dry eye incorporates natural product jojoba wax component thereof enhance spreading artificial tear eyedrop well stabilize eyedrop improved performance jojoba wax supplemented tear relief irritation discomfort well sharpens blurred vision
US-7004945-B2,Patent Record US-7004945-B2,"A system and method is provided for maintaining a proper intervertebral disc height during the replacement or augmentation of the spinal disc. In one embodiment, a cannulated distractor is used to distract the adjacent vertebrae and maintain a proper disc space height. The cannulated distractor is fluidly connected to a source of fluent material for injection into the disc space. The distraction includes a distraction tip resident within the disc space that includes a central lumen and a number of openings communicating with the lumen to dispense the fluent material within the disc space.",system method provided maintaining proper intervertebral disc height replacement augmentation spinal disc one embodiment cannulated distractor used distract adjacent vertebra maintain proper disc space height cannulated distractor fluidly connected source fluent material injection disc space distraction includes distraction tip resident within disc space includes central lumen number opening communicating lumen dispense fluent material within disc space
US-6595316-B2,Patent Record US-6595316-B2,"A tension-adjusting mechanism for the elongated earpieces of a stethoscope comprises a neckpiece and, for each earpiece, a pivot mechanism portion between the proximal end of the earpiece and the neckpiece, a spring mechanism portion between the proximal end of the earpiece and the neckpiece, and a tension-adjusting mechanism portion between the spring member and the neckpiece. For each earpiece, the pivot mechanism portion defines a pivot axis about which the earpiece pivots, and the spring mechanism portion comprises a resilient blade deforming upon spreading apart of the earpieces. This deformation produces a tension on the earpieces opposing to further spreading apart thereof. The tension-adjusting mechanism portion defines a plurality of interchangeable point of contacts with the resilient blades, which contact points having different positions relative to the neckpiece.",tensionadjusting mechanism elongated earpiece stethoscope comprises neckpiece earpiece pivot mechanism portion proximal end earpiece neckpiece spring mechanism portion proximal end earpiece neckpiece tensionadjusting mechanism portion spring member neckpiece earpiece pivot mechanism portion defines pivot axis earpiece pivot spring mechanism portion comprises resilient blade deforming upon spreading apart earpiece deformation produce tension earpiece opposing spreading apart thereof tensionadjusting mechanism portion defines plurality interchangeable point contact resilient blade contact point different position relative neckpiece
US-5372595-A,Patent Record US-5372595-A,"A fiber optic handpiece has portions formed with special contours that facilitate consistent placement of the probe in an axial rather than radial orientation, thus decreasing the likelihood of incidental laser exposure to unintended structures while maintaining the intrinsically higher laser-tissue coupling efficiency of a contact technique. One particular embodiment incorporates features that permit rapid and consistent positioning relative to visible landmark structures such as the limbus, thereby reducing treatment variability.",fiber optic handpiece portion formed special contour facilitate consistent placement probe axial rather radial orientation thus decreasing likelihood incidental laser exposure unintended structure maintaining intrinsically higher lasertissue coupling efficiency contact technique one particular embodiment incorporates feature permit rapid consistent positioning relative visible landmark structure limbus thereby reducing treatment variability
US-4308670-A,Patent Record US-4308670-A,"A hand-held portable axial fan hair dryer having an air inlet and an air outlet is provided with a shield and collar assembly proximate the air inlet to substantially prevent hair knotting and tangling. Hair styling attachments, such as a comb or brush, may be removably attached proximate the air outlet.",handheld portable axial fan hair dryer air inlet air outlet provided shield collar assembly proximate air inlet substantially prevent hair knotting tangling hair styling attachment comb brush may removably attached proximate air outlet
US-5341180-A,Patent Record US-5341180-A,"Ophthalmic photographing an image of an eye to be examined comprises: frame memory for memorizing the image data of the photographed eye, light detecting device for detecting an amount of the light emitted from a light source for photographing, correcting device for correcting a density of the image data memorized in the frame memory by comparing the amount of the light detected by the light detecting device with predetermined amount of reference light. Therefore the ophthalmic photographing apparatus can display the image having a constant density, even though the amount of the light emitted from the light source for photographing changes.",ophthalmic photographing image eye examined comprises frame memory memorizing image data photographed eye light detecting device detecting amount light emitted light source photographing correcting device correcting density image data memorized frame memory comparing amount light detected light detecting device predetermined amount reference light therefore ophthalmic photographing apparatus display image constant density even though amount light emitted light source photographing change
US-5498231-A,Patent Record US-5498231-A,"A laryngoscope for use in difficult intubation due to malformation of the jaws, tongue, pharynx, larynx or neck as a result of trauma, edema, inflammation or congenital anomalies. An elongate hollow body terminates in a pair of opposed blades perpendicular to the said hollow body being pivotal on two axes. The endotracheal tube used for the intubation rides within the hollow tube on the introducing means disposed in the cavity of the said hollow body. Light conducting means illuminate the larynx and optical means are provided for inspecting the larynx during the intubation procedure.",laryngoscope use difficult intubation due malformation jaw tongue pharynx larynx neck result trauma edema inflammation congenital anomaly elongate hollow body terminates pair opposed blade perpendicular said hollow body pivotal two ax endotracheal tube used intubation ride within hollow tube introducing mean disposed cavity said hollow body light conducting mean illuminate larynx optical mean provided inspecting larynx intubation procedure
US-6588426-B2,Patent Record US-6588426-B2,"Unwanted separation of an inner cannula from an outer cannula in tracheostomy devices can be achieved by installing a retaining ring which prevents the inner cannula from unwantingly being unlatched from the outer cannula. The retaining ring allows the air supply elbow to be separated which, in turn, permits the sensory alarms to properly sound when a disconnection of the air supply arises.",unwanted separation inner cannula outer cannula tracheostomy device achieved installing retaining ring prevents inner cannula unwantingly unlatched outer cannula retaining ring allows air supply elbow separated turn permit sensory alarm properly sound disconnection air supply arises
US-5512687-A,Patent Record US-5512687-A,"Novel ruthenium complexes for use as immunosuppressive agents to prevent or significantly reduce graft rejection in organ and bone marrow transplantation are described. The ruthenium complexes can also be used as an immunosuppressant drug for T-lymphocyte mediated autoimmune diseases, such as diabetes, and may be useful in alleviating psoriasis and contact dermatitis.",novel ruthenium complex use immunosuppressive agent prevent significantly reduce graft rejection organ bone marrow transplantation described ruthenium complex also used immunosuppressant drug tlymphocyte mediated autoimmune disease diabetes may useful alleviating psoriasis contact dermatitis
US-2014144450-A1,Patent Record US-2014144450-A1,"A device and a method for creating and/or maintaining an obstruction free upper respiratory passages. The device is configured to fit under the chin of a subject adjacent to the subject&#39;s neck at an external location corresponding approximately with the subject&#39;s soft tissue associated with the neck&#39;s anterior triangle. The device is capable of exerting negative pressure on the surface of a subject&#39;s neck, displacing the soft tissue forward and enlarging the airway.",device method creating andor maintaining obstruction free upper respiratory passage device configured fit chin subject adjacent subject neck external location corresponding approximately subject soft tissue associated neck anterior triangle device capable exerting negative pressure surface subject neck displacing soft tissue forward enlarging airway
US-5588652-A,Patent Record US-5588652-A,"A method and a facility for playing a game with a golf club and golf balls, the facility comprising: 
     a site having a range area visibly divided into a plurality of contiguous target regions, each said target region being associated with a target identifier, and a tee area having a plurality of contiguous tees from which golf balls may be hit toward said range area; 
     scoring means located at said site for scoring a game, said scoring means setting out a sequence of said target identifiers so as to establish a corresponding sequence of designated target regions to which golf balls are to be hit from the tee with a golf club in order, and said scoring means providing means for recording a point score for each time a player hits a golf ball; and 
     a scoring system associated with said scoring means for awarding a point score according to the observed resting position of the golf ball relative to the designated target region.",method facility playing game golf club golf ball facility comprising site range area visibly divided plurality contiguous target region said target region associated target identifier tee area plurality contiguous tee golf ball may hit toward said range area scoring mean located said site scoring game said scoring mean setting sequence said target identifier establish corresponding sequence designated target region golf ball hit tee golf club order said scoring mean providing mean recording point score time player hit golf ball scoring system associated said scoring mean awarding point score according observed resting position golf ball relative designated target region
US-2007267014-A1,Patent Record US-2007267014-A1,"A sterilizing facemask with a multi-layer filter discloses a first sterilizing layer and a second sterilizing layer. The first sterilizing layer provides inhaled aseptic air such as using ultraviolet light or visible light in external light hydroxyl free radicals to sterilize. The second sterilizing layer provides exhaled aseptic air from human such as using inactivated the enzyme of bacteria&#39;s sulfhydryl group to sterilize. In addition, in accordance with types of germs carried by users, the material of the second sterilizing layer can be further modified to ensure that the exhaled air is sterilized.",sterilizing facemask multilayer filter discloses first sterilizing layer second sterilizing layer first sterilizing layer provides inhaled aseptic air using ultraviolet light visible light external light hydroxyl free radical sterilize second sterilizing layer provides exhaled aseptic air human using inactivated enzyme bacteria sulfhydryl group sterilize addition accordance type germ carried user material second sterilizing layer modified ensure exhaled air sterilized
US-7549391-B2,Patent Record US-7549391-B2,"A live insect habitat that also serves as a retail receptacle for point of sale display of the insects. In particular, the invention comprises a cricket habitat and point of sale display receptacle for the sale of live crickets primarily for fishing bait and pet food purposes. The habitat/receptacle includes a housing having side walls with a sight window formed therein for purposes of permitting viewing of the inside of the housing and insect habitat from the outside. A habitat insert is located inside the housing and includes a multiple-sided member that partitions the interior space of the housing into discrete subspaces connected by passages giving the crickets ample room in which to crawl about. The housing and the habitat insert can be made of a moisture absorbent material in order to reduce the moisture content of the cricket environment. An item of cricket food is located in the housing whereby the retail habitat/receptacle has a prolonged shelf life while maintaining healthy live crickets.",live insect habitat also serf retail receptacle point sale display insect particular invention comprises cricket habitat point sale display receptacle sale live cricket primarily fishing bait pet food purpose habitatreceptacle includes housing side wall sight window formed therein purpose permitting viewing inside housing insect habitat outside habitat insert located inside housing includes multiplesided member partition interior space housing discrete subspace connected passage giving cricket ample room crawl housing habitat insert made moisture absorbent material order reduce moisture content cricket environment item cricket food located housing whereby retail habitatreceptacle prolonged shelf life maintaining healthy live cricket
US-9566133-B2,Patent Record US-9566133-B2,"Method for shaping an orthodontic wire, made of a shape-memory material, into a target geometry in order to permit precise insertion into a patient-specific orthodontic apparatus, said method having the following steps: a) creating a patient-specific target set-up of the upper jaw or lower jaw of the patient, b) placing brackets on teeth to be treated in the target set-up, c) preparing a two-dimensional image of the target set-up with brackets in a plan view, d) loading the image into a data processor, e) identifying the position of the slots of the brackets in the image, f) exporting data on the position of the slots from the data processor, g) creating a baking mold for the shape-memory wire, wherein the data are used to help generate wire-fixing portions in the baking mold that maintain the wire in areas corresponding to the slots during the baking, h) inserting the wire into the baking mold, and i) baking the wire.",method shaping orthodontic wire made shapememory material target geometry order permit precise insertion patientspecific orthodontic apparatus said method following step creating patientspecific target setup upper jaw lower jaw patient b placing bracket teeth treated target setup c preparing twodimensional image target setup bracket plan view loading image data processor e identifying position slot bracket image f exporting data position slot data processor g creating baking mold shapememory wire wherein data used help generate wirefixing portion baking mold maintain wire area corresponding slot baking h inserting wire baking mold baking wire
US-8909335-B2,Patent Record US-8909335-B2,"A system and method to deliver a therapeutic quantity of energy to a patient. The system includes a capacitor having a rated energy storage capacity substantially equal to the therapeutic quantity of energy, a boost converter coupled with the capacitor and constructed to release energy from the capacitor at a substantially constant current for a time interval, and an H-bridge circuit coupled with the boost converter and constructed to apply the substantially constant current in a biphasic voltage waveform to the patient. The method includes storing a quantity of energy substantially equal to the therapeutic quantity of energy in a capacitor, releasing the quantity of energy at a relatively constant current during a time interval using a boost converter coupled with the capacitor, and delivering a portion of the quantity energy in a direction to the patient using an H-bridge circuit coupled with the boost converter.",system method deliver therapeutic quantity energy patient system includes capacitor rated energy storage capacity substantially equal therapeutic quantity energy boost converter coupled capacitor constructed release energy capacitor substantially constant current time interval hbridge circuit coupled boost converter constructed apply substantially constant current biphasic voltage waveform patient method includes storing quantity energy substantially equal therapeutic quantity energy capacitor releasing quantity energy relatively constant current time interval using boost converter coupled capacitor delivering portion quantity energy direction patient using hbridge circuit coupled boost converter
US-2011059223-A1,Patent Record US-2011059223-A1,"The present invention relates to a novel method for conching chocolate, whereby a chocolate mass is submitted to a conching method that comprises the following steps: —a dry conching step performed at a temperature of between 50° C. and 70° C., —and subsequent a wet conching step performed at a temperature of between 60° C. and 110° C., more in particular at a temperature between 60° C. and 90° C., wherein the dry conching temperature and the wet conching temperature are comprised within the range(s) defined by the graph of FIG.  13  (see shaded or hatched regions). Most preferably the dry conching step is performed at about 60° C. and the wet conching step at about 60° C. or about 90° C. Advantageously, this adapted conching process conserves and even increases the antioxidant activity of a chocolate, in particular a dark chocolate. Consequently, the present invention further relates to a method of conserving and/or increasing the antioxidant activity of chocolate and to chocolates processed accordingly.",present invention relates novel method conching chocolate whereby chocolate mass submitted conching method comprises following step dry conching step performed temperature c c subsequent wet conching step performed temperature c c particular temperature c c wherein dry conching temperature wet conching temperature comprised within range defined graph fig see shaded hatched region preferably dry conching step performed c wet conching step c c advantageously adapted conching process conserve even increase antioxidant activity chocolate particular dark chocolate consequently present invention relates method conserving andor increasing antioxidant activity chocolate chocolate processed accordingly
US-5143108-A,Patent Record US-5143108-A,"A portable beach umbrella is provided having a plurality of rotatable accessible utility levels for storing necessary beach equipment. The umbrella also includes a refreshment support member, entertainment devices, and is easily secured to sand or ground for stability while in use.",portable beach umbrella provided plurality rotatable accessible utility level storing necessary beach equipment umbrella also includes refreshment support member entertainment device easily secured sand ground stability use
US-2004185003-A1,Patent Record US-2004185003-A1,"The present invention relates to the delivery of alprazolam, estazolam, midazolam or triazolam through an inhalation route. Specifically, it relates to aerosols containing alprazolam, estazolam, midazolam or triazolam that are used in inhalation therapy. In a method aspect of the present invention, alprazolam, estazolam, midazolam or triazolam is administered to a patient through an inhalation route. The method comprises: a) heating a thin layer of alprazolam, estazolam, midazolam or triazolam, on a solid support to form a vapor; and, b) passing air through the heated vapor to produce aerosol particles having less than 5% drug degradation products. In a kit aspect of the present invention, a kit for delivering alprazolam, estazolam, midazolam or triazolam through an inhalation route is provided which comprises: a) a thin coating of an alprazolam, estazolam, midazolam, or triazolam composition and b) a device for dispensing said thin coating as a condensation aerosol.",present invention relates delivery alprazolam estazolam midazolam triazolam inhalation route specifically relates aerosol containing alprazolam estazolam midazolam triazolam used inhalation therapy method aspect present invention alprazolam estazolam midazolam triazolam administered patient inhalation route method comprises heating thin layer alprazolam estazolam midazolam triazolam solid support form vapor b passing air heated vapor produce aerosol particle less drug degradation product kit aspect present invention kit delivering alprazolam estazolam midazolam triazolam inhalation route provided comprises thin coating alprazolam estazolam midazolam triazolam composition b device dispensing said thin coating condensation aerosol
US-2014154644-A1,Patent Record US-2014154644-A1,"A dental tracing apparatus including a first layer having a first surface and a second surface coated with an adhesive material; a second layer over the first surface, an edge portion of the second layer being substantially firmly attached to an edge portion of the first surface; and a removable third layer over the second surface of the first layer. The dental tracing apparatus is sized and shaped to be attached to a surface of a dental tray after the third layer is removed. The dental tracing apparatus receives tracing caused by an object via the second layer such that the tracing is marked on the dental tracing apparatus. The marked tracing is removable by separating the second layer from the first surface of the first layer and the lifted second layer is repositionable on the first surface of the first layer to receive further tracing.",dental tracing apparatus including first layer first surface second surface coated adhesive material second layer first surface edge portion second layer substantially firmly attached edge portion first surface removable third layer second surface first layer dental tracing apparatus sized shaped attached surface dental tray third layer removed dental tracing apparatus receives tracing caused object via second layer tracing marked dental tracing apparatus marked tracing removable separating second layer first surface first layer lifted second layer repositionable first surface first layer receive tracing
US-2007107260-A1,Patent Record US-2007107260-A1,"The effective friction of a shoe is adjusted by changing the angle of a portion of the sole, relative to the shoe centerline. In one embodiment, the heel is effectively hinged and an adjustment device is spaced from the hinge axis, whereby the wearer can hold the shoe in one hand and manually adjust an actuator connected to a drive member that increases or decreases the angle of the hinge. The hinge axis can be perpendicular to the centerline, either in the front of the heel with the drive member embedded in the back of the heel, or in the back of the heel, with the drive member embedded in the front of the heel. Angulation can be effected in the foresole, about an axis perpendicular to the shoe centerline, or about an axis that is parallel to but offset from the centerline.",effective friction shoe adjusted changing angle portion sole relative shoe centerline one embodiment heel effectively hinged adjustment device spaced hinge axis whereby wearer hold shoe one hand manually adjust actuator connected drive member increase decrease angle hinge hinge axis perpendicular centerline either front heel drive member embedded back heel back heel drive member embedded front heel angulation effected foresole axis perpendicular shoe centerline axis parallel offset centerline
US-6273382-B1,Patent Record US-6273382-B1,A keyboard support device having a structure for being slidably secured to an underside of a desktop. The structure includes first and second side members. First and second tray support side members are vertically adjustably secured to respective structure first and second side members. The tray support side members are positionable between a lowest position and a highest position. A keyboard support is secured to the first and second tray support members. The keyboard support includes a front portion pivotably secured to the tray support members such that the keyboard support can be tilted to a downwardly sloping position away from the front portion while the vertical position of the front portion remains substantially the same.,keyboard support device structure slidably secured underside desktop structure includes first second side member first second tray support side member vertically adjustably secured respective structure first second side member tray support side member positionable lowest position highest position keyboard support secured first second tray support member keyboard support includes front portion pivotably secured tray support member keyboard support tilted downwardly sloping position away front portion vertical position front portion remains substantially
US-7147138-B2,Patent Record US-7147138-B2,"A surgical instrument for being endoscopically or laparoscopically inserted to a surgical site for simultaneous stapling and severing of tissue includes electrically actuated deployment of buttress pads held on inner surfaces of upper and lower jaws of a staple applying assembly. Thereby, thick or thin layers may be stapled and severed without improper staple formation nor with nonoptimal deployment of the buttress pads. Electroactive polymer (EAP) actuated latches, an EAP channel, or a rigid channel with an EAP pinch lock reliably hold the buttress pad until deployment is desired with a low force to separate the stapled and severed buttress pad/tissue combination with the respective EAP mechanism activated for deployment.",surgical instrument endoscopically laparoscopically inserted surgical site simultaneous stapling severing tissue includes electrically actuated deployment buttress pad held inner surface upper lower jaw staple applying assembly thereby thick thin layer may stapled severed without improper staple formation nonoptimal deployment buttress pad electroactive polymer eap actuated latch eap channel rigid channel eap pinch lock reliably hold buttress pad deployment desired low force separate stapled severed buttress padtissue combination respective eap mechanism activated deployment
US-2014205817-A1,Patent Record US-2014205817-A1,"A process of manufacturing an image transfer kit which enables the production of a desired image on a substrate which subsequently may be used in different decorative applications. The process may include the application of different layers of lacquer, photoclear and inks to a substrate in addition to the ultra-violet light treatment, washing and drying of the substrate at certain stages during the process. The produced image transfer kit may include the substrate, layers of transfer lacquer, high resolution lacquer, photoclear, clear or white ink, adhesive and the desired image.",process manufacturing image transfer kit enables production desired image substrate subsequently may used different decorative application process may include application different layer lacquer photoclear ink substrate addition ultraviolet light treatment washing drying substrate certain stage process produced image transfer kit may include substrate layer transfer lacquer high resolution lacquer photoclear clear white ink adhesive desired image
US-2008039930-A1,Patent Record US-2008039930-A1,A self-expanding aneurysm cover device which takes the form of an outwardly biased cylindrical skeletal frame in which the proximal end of the cylindrical skeletal frame forms a loop which extends at an oblique angle to the axis of the cylindrical skeletal frame. A positioning tab extends from the proximal end of the skeletal frame which when pulled causes the cylindrical skeletal frame to collapse to a reduced diameter for removal of the device from a vessel.,selfexpanding aneurysm cover device take form outwardly biased cylindrical skeletal frame proximal end cylindrical skeletal frame form loop extends oblique angle axis cylindrical skeletal frame positioning tab extends proximal end skeletal frame pulled cause cylindrical skeletal frame collapse reduced diameter removal device vessel
US-2012141396-A1,Patent Record US-2012141396-A1,"An alcohol-soluble, water-insoluble, disinfectant composition and a method of using the same for disinfecting and for providing a prolonged antimicrobial property to a variety of surfaces, including skin. The composition comprises an antimicrobial polymer that is capable of imparting an antimicrobial property to a surface without the use of a metal or metal-containing compound. The composition is applied to a surface and allowed to evaporate leaving a coating of antimicrobial polymer.",alcoholsoluble waterinsoluble disinfectant composition method using disinfecting providing prolonged antimicrobial property variety surface including skin composition comprises antimicrobial polymer capable imparting antimicrobial property surface without use metal metalcontaining compound composition applied surface allowed evaporate leaving coating antimicrobial polymer
US-2006165651-A1,Patent Record US-2006165651-A1,The invention relates to newly identified cancer associated antigens. It has been discovered that each of these molecules provokes antibodies when expressed by a subject. The ramifications of this observation are also a part of this invention.,invention relates newly identified cancer associated antigen discovered molecule provokes antibody expressed subject ramification observation also part invention
US-4287993-A,Patent Record US-4287993-A,An adjustable rack is provided which comprises a plurality of hook members for hanging articles attached to a jointed frame comprised of members which are pivotably attached to one another by pin joints. The pin joints comprise elements which are integral with the members. The hook members additionally serve as a component of the pin joints. The aforementioned construction results in an inexpensive adjustable rack which can be advantageously formed from injection molded plastic and which can be assembled in a short amount of time without the use of special tools.,adjustable rack provided comprises plurality hook member hanging article attached jointed frame comprised member pivotably attached one another pin joint pin joint comprise element integral member hook member additionally serve component pin joint aforementioned construction result inexpensive adjustable rack advantageously formed injection molded plastic assembled short amount time without use special tool
US-6675563-B1,Patent Record US-6675563-B1,"A disc cutterbar having a two-piece mounting hub, one piece rotatably driven and the other supporting a knife for severing standing crop material, with spring-mounted ball and detent devices holding the two pieces members together and forming a shear device therebetween is disclosed. A specially threaded retaining bolt is associated with the knife-supporting piece whereby, upon failure of the shear device, the knife-supporting piece is rotated out of the cutting plane and away from the operational cutterheads.",disc cutterbar twopiece mounting hub one piece rotatably driven supporting knife severing standing crop material springmounted ball detent device holding two piece member together forming shear device therebetween disclosed specially threaded retaining bolt associated knifesupporting piece whereby upon failure shear device knifesupporting piece rotated cutting plane away operational cutterheads
US-5040543-A,Patent Record US-5040543-A,"A movable core guidewire for use in guiding a catheter to an internal body location includes an elongate, flexible helical coil having a lumen extending longitudinally therethrough for receiving a movable core wire. The movable core wire has a flexible polymeric element extending from the distal end which facilitates smooth movement of the movable core wire within the lumen of the helical coil. The use of this polymeric element provides a movable core guidewire that has a better feel for the physician when the movable core is slid longitudinally through the lumen of the helical coil and by reducing the force necessary to push or pull the core wire through the lumen of the helical coil and also reduces the risk of the core wire striking through the helical coil.",movable core guidewire use guiding catheter internal body location includes elongate flexible helical coil lumen extending longitudinally therethrough receiving movable core wire movable core wire flexible polymeric element extending distal end facilitates smooth movement movable core wire within lumen helical coil use polymeric element provides movable core guidewire better feel physician movable core slid longitudinally lumen helical coil reducing force necessary push pull core wire lumen helical coil also reduces risk core wire striking helical coil
US-9021938-B2,Patent Record US-9021938-B2,"A system and method for brewing beverages utilizing inertial separation and an adjustable-volume brewing chamber to selectively retain or release particulate matter, oils, and/or other components of the brewed beverage, whereby mechanical filtration may be avoided and smaller particulates may be separated from the beverage. Thus, less material is needed to achieve similar levels of infusion and brewing time may be reduced.",system method brewing beverage utilizing inertial separation adjustablevolume brewing chamber selectively retain release particulate matter oil andor component brewed beverage whereby mechanical filtration may avoided smaller particulate may separated beverage thus less material needed achieve similar level infusion brewing time may reduced
US-2017086878-A1,Patent Record US-2017086878-A1,"The present invention is directed to methods and instrumentation for performing surgery on the spine along its lateral aspect (side) and generally by a lateral, anterior or an anterolateral surgical approach, such that the instruments enter the body from an approach that is other than posterior and make contact with the spine along its lateral aspect. The present invention provides for the entire surgical procedure to be performed through a relatively small incision and may be performed in either the thoracic or lumbar spine.",present invention directed method instrumentation performing surgery spine along lateral aspect side generally lateral anterior anterolateral surgical approach instrument enter body approach posterior make contact spine along lateral aspect present invention provides entire surgical procedure performed relatively small incision may performed either thoracic lumbar spine
US-2007275800-A1,Patent Record US-2007275800-A1,A handle end is adapted to be held by a player and a striking end is adapted to contact and propel an object. The stick includes a shaft coupling the handle end and the striking end. The shaft is fabricated of a relatively rigid material with limited flexibility. The shaft has a hole extending there through with a cylindrical wall defining the hole for varying the playing characteristics of the system.,handle end adapted held player striking end adapted contact propel object stick includes shaft coupling handle end striking end shaft fabricated relatively rigid material limited flexibility shaft hole extending cylindrical wall defining hole varying playing characteristic system
US-2004096261-A1,Patent Record US-2004096261-A1,"An applicator for applying a substance to nails is disclosed. The applicator comprises a rod having an end portion, the end portion having a housing, the housing having an opening of oblong cross-section with a long axis, the rod having a wall of varying thickness around the housing. In the end portion, the rod has a cross-section having an outer contour that is not concave, with the exception of one or more grooves situated opposite each other.",applicator applying substance nail disclosed applicator comprises rod end portion end portion housing housing opening oblong crosssection long axis rod wall varying thickness around housing end portion rod crosssection outer contour concave exception one groove situated opposite
US-6308955-B1,Patent Record US-6308955-B1,"A mathematical board game for 2 to 8 players, invented primarily for beginners and individuals struggling with the four basic formats of mathematics. The banker is allocated by use of a spinner, players then determine who moves first, by use of this spinner, and in which of the four formats they will play, these are: Subtraction, Multiplication, Addition and Division. Players then move by taking four steps. (1) Taking a question card out of the appropriate question bag; (2) Working out the relevant sum; (3) Looking up the answer on the correlating Answer Value Chart, which converts the answer of the mathematical sum to a given value, which is a number; (4) Moving that number of spaces on the board and receiving that amount of money from the bank. The board&#39;s defined numbered travel path is from 1 to 144 spaces. Some spaces are marked with various symbols, which require various actions that affect the players. Players move their playing piece horizontally from left to right, right to left, to a Finish Award they have nominated, which conveniently gives players the choice of a quick, medium or lengthy game. The Answer Value Charts enables the three sections; Sub-Junior, Junior and Senior—players of varying ages and abilities, to play together, with an equal chance of achieving equal values. The winner is the player with the most money on completion, thereby winning by chance not academically. Other known facts incorporated, enable every player to attain the correct answers, while facilitating their personal learning styles.",mathematical board game player invented primarily beginner individual struggling four basic format mathematics banker allocated use spinner player determine move first use spinner four format play subtraction multiplication addition division player move taking four step taking question card appropriate question bag working relevant sum looking answer correlating answer value chart convert answer mathematical sum given value number moving number space board receiving amount money bank board defined numbered travel path space space marked various symbol require various action affect player player move playing piece horizontally left right right left finish award nominated conveniently give player choice quick medium lengthy game answer value chart enables three section subjunior junior seniorplayers varying age ability play together equal chance achieving equal value winner player money completion thereby winning chance academically known fact incorporated enable every player attain correct answer facilitating personal learning style
US-RE32619-E,Patent Record US-RE32619-E,"An improved apparatus and method for analyzing the chemical and structural composition of a specimen including whole-body specimens which may include, for example, living mammals, utilizing nuclear magnetic resonance (NMR) techniques. A magnetic field space necessary to obtain an NMR signal characteristic of the chemical structure of the specimen is focused to provide a resonance domain of selectable size, which may then be moved in a pattern with respect to the specimen to scan the specimen.",improved apparatus method analyzing chemical structural composition specimen including wholebody specimen may include example living mammal utilizing nuclear magnetic resonance nmr technique magnetic field space necessary obtain nmr signal characteristic chemical structure specimen focused provide resonance domain selectable size may moved pattern respect specimen scan specimen
US-6167317-A,Patent Record US-6167317-A,A layer flock management system including a layer information accumulator operative to accumulate information regarding each of a multiplicity of layers in a flock and a floor layer identifier operative to identify floor layers from among the multiplicity of layers.,layer flock management system including layer information accumulator operative accumulate information regarding multiplicity layer flock floor layer identifier operative identify floor layer among multiplicity layer
US-6080412-A,Patent Record US-6080412-A,"A method of producing a microencapsulated pharmaceutical formulation is disclosed comprising causing a dye to be attached to the surface of pharmaceutical particles or particle clusters and applying a source of radiant energy to the dye in the presence of a liquid polymeric or polymerisable material so as to cause the material to cross-link, producing a conformal layer of cross-linked polymer on the particulate surfaces. Preferably, the polymer provides an immuno-protective layer around the particles, while allowing therapeutic components to exit the microcapsules. Microencapsulated pharmaceutical formulations and their medical use are also disclosed, especially for the treatment of diabetes by encapsulating insulin secreting cells.",method producing microencapsulated pharmaceutical formulation disclosed comprising causing dye attached surface pharmaceutical particle particle cluster applying source radiant energy dye presence liquid polymeric polymerisable material cause material crosslink producing conformal layer crosslinked polymer particulate surface preferably polymer provides immunoprotective layer around particle allowing therapeutic component exit microcapsules microencapsulated pharmaceutical formulation medical use also disclosed especially treatment diabetes encapsulating insulin secreting cell
US-4936585-A,Patent Record US-4936585-A,"A strategy game utilizing two forms of a playing piece, one indicating direction and representing attack, the other indicating position and representing defense. Each player has a plurality of playing pieces. The game begins with all pieces held in storage During the game, playing pieces are put into play and either take up defensive positions or attack defensive pieces already in place. The game ends when all pieces have been played. Participants may make plays at any time they choose. The object of the game is to protect one&#39;s defensive pieces while attacking the defensive pieces of one&#39;s opponents. The winner is determined through a method of interpreting the success of attacks by examining placement of pieces relative to each other.",strategy game utilizing two form playing piece one indicating direction representing attack indicating position representing defense player plurality playing piece game begin piece held storage game playing piece put play either take defensive position attack defensive piece already place game end piece played participant may make play time choose object game protect one defensive piece attacking defensive piece one opponent winner determined method interpreting success attack examining placement piece relative
US-2004224065-A1,Patent Record US-2004224065-A1,"A food product and method of making the same are disclosed. The food product is preferably made of a processed Sorghum grain, and preferably from hybrids of Milo. The grain is subjected to decortication and extrusion. Additives may be provided to flavor or otherwise nutritionally enhance the processed Milo. The additives are added prior to extrusion. The food product may be made from other grains or tubers by removing the starch and then using the starch to extrude the food product. A final food product may be achieved by further processing of the extruded grain. Further processing may include molding, baking, or pelletizing.",food product method making disclosed food product preferably made processed sorghum grain preferably hybrid milo grain subjected decortication extrusion additive may provided flavor otherwise nutritionally enhance processed milo additive added prior extrusion food product may made grain tuber removing starch using starch extrude food product final food product may achieved processing extruded grain processing may include molding baking pelletizing
US-7198794-B1,Patent Record US-7198794-B1,"A topical formulation for treating toenails and fingernails is provided. This formulation includes a mixture of calcium hydroxide, sodium hydroxide, an antifungal agent, and an applicating agent. The formulation is topically applied to a patient&#39;s fingernail or toenail to treat a fungal infection, to remove discoloration, and/or to thin an overly thick nail.",topical formulation treating toenail fingernail provided formulation includes mixture calcium hydroxide sodium hydroxide antifungal agent applicating agent formulation topically applied patient fingernail toenail treat fungal infection remove discoloration andor thin overly thick nail
US-4114824-A,Patent Record US-4114824-A,"A holder for rolls of paper, such as toilet tissue, has vertically extending tracks that receive pin ends of a roll holding spindle whereby the weight of the roll and spindle bears against a lip of the holder to hold the roll in place during tear-off of a length of paper.",holder roll paper toilet tissue vertically extending track receive pin end roll holding spindle whereby weight roll spindle bear lip holder hold roll place tearoff length paper
US-4693724-A,Patent Record US-4693724-A,"Total hip prosthesis with primary fixation is provided with three essential parts: 
     a femoral pin, for insertion into the femur; 
     a cotyloidal cupule, for engagement into the acetabulum of the treated hip; and 
     a prosthetic neck, covered with a sphere which joins the pin to the cupule and is intended to make the articulation proper. The threaded femoral pin has a special tulip-shaped anatomical profile, with a progressively variable radius.",total hip prosthesis primary fixation provided three essential part femoral pin insertion femur cotyloidal cupule engagement acetabulum treated hip prosthetic neck covered sphere join pin cupule intended make articulation proper threaded femoral pin special tulipshaped anatomical profile progressively variable radius
US-5454299-A,Patent Record US-5454299-A,"A food processor has a base and a bowl. The base is arranged to couple with the bowl such that the bowl is held from moving in vertical translation by lugs fixed on the base co-operating with corresponding parts of the bowl. The bowl and base are formed with a cooperating abutment and abutment surface, respectively, which are alignable to abut and prevent the bowl from rotating relative the base.",food processor base bowl base arranged couple bowl bowl held moving vertical translation lug fixed base cooperating corresponding part bowl bowl base formed cooperating abutment abutment surface respectively alignable abut prevent bowl rotating relative base
US-2005038448-A1,Patent Record US-2005038448-A1,"A skin resurfacing device for peeling the outermost layer of the skin for renewing the skin surface and repairing skin damage including a housing, a skin sensor, and a skin treater. The skin treater consists of an abrasive tip, a first end, a transparent portion, a first filter, and a second end, all of which are detachable and replaceable. The skin treater is connected to a vacuum source by a tubular hose. The vacuum provides both closeness of contact between the abrasive tip and the user&#39;s skin and the suctioning of skin debris peeled off. The skin treater, especially the abrasive tip are made with common material and mass production process so that they are disposable and economic.",skin resurfacing device peeling outermost layer skin renewing skin surface repairing skin damage including housing skin sensor skin treater skin treater consists abrasive tip first end transparent portion first filter second end detachable replaceable skin treater connected vacuum source tubular hose vacuum provides closeness contact abrasive tip user skin suctioning skin debris peeled skin treater especially abrasive tip made common material mass production process disposable economic
US-3970087-A,Patent Record US-3970087-A,An hygienic napkin comprising an envelope of liquid penetrable material which is folded and secured in such a manner as to form a pouch for receiving absorbent material therein. The envelope is provided with a flap for closing the pouch and a fluid-impervious sheet is provided for preventing passage of liquids all the way through the envelope.,hygienic napkin comprising envelope liquid penetrable material folded secured manner form pouch receiving absorbent material therein envelope provided flap closing pouch fluidimpervious sheet provided preventing passage liquid way envelope
US-7217435-B2,Patent Record US-7217435-B2,A concentrated cherry nutraceutical is prepared by extracting cherry juice from cherries and repeatedly freezing the cherry juice and separating cherry juice of increased concentration while maintaining the juice at freezing conditions.,concentrated cherry nutraceutical prepared extracting cherry juice cherry repeatedly freezing cherry juice separating cherry juice increased concentration maintaining juice freezing condition
US-4544152-A,Patent Record US-4544152-A,"A passive treadmill having a governor to adjustably limit the rate of speed of the treadmill belt. Resilient flexible rotating blades flex due to the centrifugal force developed during rotation, the magnitude of the centrifugal force being a function of the linear speed of the treadmill belt. Brake pads mounted on the flexible blades move into sliding engagement with an annular stationary surface to limit the linear speed of the treadmill belt. A rotatably mounted cam is manually adjustable to adjust the spacing between the aforesaid slidably engagable surfaces to adjust the governor. The governor assembly is of relatively small size and volume and the moving components of the governor are mounted within a compact casing. 
     The rollers, which rollingly support the treadmill belt, are rotatably mounted within elongated openings provided in each of a pair of mounting rails. Roller support shafts are inserted into slots arranged at spaced intervals along the support rails and a compressible rope is arranged between the support shafts and the upper interior surface of the support rail elongated openings. A single elongated rod in the elongated opening of each rail supports all of the associated shafts, providing the dual functions of securing said roller shafts in position and rotatably supporting all of the roller shafts at a uniform height. The compressible rope compensates for any tolerances between the parts and prevents the roller shafts, and hence the rollers, from experiencing any undesirable movement and/or vibration.",passive treadmill governor adjustably limit rate speed treadmill belt resilient flexible rotating blade flex due centrifugal force developed rotation magnitude centrifugal force function linear speed treadmill belt brake pad mounted flexible blade move sliding engagement annular stationary surface limit linear speed treadmill belt rotatably mounted cam manually adjustable adjust spacing aforesaid slidably engagable surface adjust governor governor assembly relatively small size volume moving component governor mounted within compact casing roller rollingly support treadmill belt rotatably mounted within elongated opening provided pair mounting rail roller support shaft inserted slot arranged spaced interval along support rail compressible rope arranged support shaft upper interior surface support rail elongated opening single elongated rod elongated opening rail support associated shaft providing dual function securing said roller shaft position rotatably supporting roller shaft uniform height compressible rope compensates tolerance part prevents roller shaft hence roller experiencing undesirable movement andor vibration
US-2017056550-A1,Patent Record US-2017056550-A1,"The present application relates to a lyophilized scaffold composition having at least one polysaccharide wherein said scaffold is substantially solid and capable of being formed into a desired shape; wherein the at least one polysaccharide has a protonation level resulting in controlled rehydration of said scaffold, such that when said scaffold is contacted with at least one of a neutral aqueous solution, blood, blood derived fluid and combinations thereof, said scaffold forms a microparticle dispersion and stimulates tissue remodeling and anabolic wound repair, a process for preparing a lyophilized scaffold composition and the use of a lyophilized scaffold composition for wound repair in a mammal.",present application relates lyophilized scaffold composition least one polysaccharide wherein said scaffold substantially solid capable formed desired shape wherein least one polysaccharide protonation level resulting controlled rehydration said scaffold said scaffold contacted least one neutral aqueous solution blood blood derived fluid combination thereof said scaffold form microparticle dispersion stimulates tissue remodeling anabolic wound repair process preparing lyophilized scaffold composition use lyophilized scaffold composition wound repair mammal
US-6485352-B1,Patent Record US-6485352-B1,"There is provided a brassiere that includes a body having a pair of breast cups, a pair of stretchable panels each adjacent a separate breast cup and connected to a back of the brassiere, and a pair of stretchable sheaths secured along a lower portion of the breast cup and floating along the panel of the brassiere. Each panel is made of a stretchable material. The brassiere further includes a pair of underwires each positionable in one sheath. Preferably, the underwire is anatomically shaped so that the curve of the underwire is greater on the inner portion compared to the outer portion.",provided brassiere includes body pair breast cup pair stretchable panel adjacent separate breast cup connected back brassiere pair stretchable sheath secured along lower portion breast cup floating along panel brassiere panel made stretchable material brassiere includes pair underwires positionable one sheath preferably underwire anatomically shaped curve underwire greater inner portion compared outer portion
US-8403935-B2,Patent Record US-8403935-B2,"An axial height adjustable, revision cutting in the shape of a final distal femur implant component. The revision guide includes a rod adapted for intimate contact within an intramedullary canal of a femur, and includes a threaded passageway. The revision cutting guide is adapted for removable attachment to a distal portion of the femur. A vernier-bolt is rotatably positioned through the shaped body of the revision cutting guide so as to be adjustably received within the threaded passageway thereby providing for movement of the shaped body of the revision cutting guide relative to the distal portion of the femur.",axial height adjustable revision cutting shape final distal femur implant component revision guide includes rod adapted intimate contact within intramedullary canal femur includes threaded passageway revision cutting guide adapted removable attachment distal portion femur vernierbolt rotatably positioned shaped body revision cutting guide adjustably received within threaded passageway thereby providing movement shaped body revision cutting guide relative distal portion femur
US-6300118-B1,Patent Record US-6300118-B1,"The present invention pertains to the prevention or lessening of disease in cats caused by Feline Immunodeficiency Virus (FIV). Prevention or lessening of disease is understood to mean the amelioration of any symptoms, including immune system disruptions, that result from FIV infection. The invention provides for a plasmid which encodes the FIV genome where said genome has had a portion of the gag gene, specifically the p10 (nucleocapsid) coding region, or a portion thereof, deleted. This deletion prevents the production of functional or whole p10 protein, which in turn, prevents the packaging of RNA into virions produced from transfection of this plasmid into an appropriate host cell, resulting in virions which do not contain RNA. Such virions will be described as “empty” virions. The invention also encompasses host cells transformed with the plasmid which produce the empty virions, and the empty virions themselves. In another embodiment, the invention encompasses vaccines that comprise one or more empty virions described above, with a pharmaceutically acceptable carrier or diluent and a pharmaceutically acceptable adjuvant. In yet another aspect, the invention provides methods for preventing or lessening disease caused by FIV, which is carried out by administering to a feline in need of such treatment the vaccines described above.",present invention pertains prevention lessening disease cat caused feline immunodeficiency virus fiv prevention lessening disease understood mean amelioration symptom including immune system disruption result fiv infection invention provides plasmid encodes fiv genome said genome portion gag gene specifically p nucleocapsid coding region portion thereof deleted deletion prevents production functional whole p protein turn prevents packaging rna virion produced transfection plasmid appropriate host cell resulting virion contain rna virion described empty virion invention also encompasses host cell transformed plasmid produce empty virion empty virion another embodiment invention encompasses vaccine comprise one empty virion described pharmaceutically acceptable carrier diluent pharmaceutically acceptable adjuvant yet another aspect invention provides method preventing lessening disease caused fiv carried administering feline need treatment vaccine described
US-9192180-B2,Patent Record US-9192180-B2,"Nutritionally enhanced nutraceutical Hydrophilic and Lipophilic Rice Bran Fractions from rice bran are provided, as well as a method of using the same to reduce Insulin Resistance in animals, especially humans with pre-diabetes and Type 2 diabetes or others with symptoms of Metabolic Syndrome. Provided in various example embodiments are mixtures of elevated levels of nutraceutical compounds, including but not limited to gamma-oryzanol, inositol, ferulic acid, tocotrienols and phytosterols and pharmaceutical and nutritional compositions thereof. Steps are provided including evaluating insulin resistance parameters, initiating therapy including providing therapeutic amounts of Hydrophilic and Lipophilic Rice Bran Fractions from rice bran to treat pre-diabetes and Type 2 diabetes or others with symptoms of Metabolic Syndrome, managing compliance with the therapy, and monitoring and reevaluating the therapy.",nutritionally enhanced nutraceutical hydrophilic lipophilic rice bran fraction rice bran provided well method using reduce insulin resistance animal especially human prediabetes type diabetes others symptom metabolic syndrome provided various example embodiment mixture elevated level nutraceutical compound including limited gammaoryzanol inositol ferulic acid tocotrienols phytosterols pharmaceutical nutritional composition thereof step provided including evaluating insulin resistance parameter initiating therapy including providing therapeutic amount hydrophilic lipophilic rice bran fraction rice bran treat prediabetes type diabetes others symptom metabolic syndrome managing compliance therapy monitoring reevaluating therapy
US-2004185517-A1,Patent Record US-2004185517-A1,"A reagent strip for measuring the concentration of glucose in whole blood has a polymer on at least one side thereof to increase the opacity thereof, thereby reducing the effect of hematocrit on the glucose determination.",reagent strip measuring concentration glucose whole blood polymer least one side thereof increase opacity thereof thereby reducing effect hematocrit glucose determination
US-6241734-B1,Patent Record US-6241734-B1,Systems and methods for delivering material into bone deploy a cannula through soft tissue to establish a subcutaneous path into bone. A material is introduced into bone through the cannula. The systems and methods advance a tamping instrument through the cannula to urge material residing in the cannula into bone. The introducing step delivers material at a pressure no greater than about 360 psi.,system method delivering material bone deploy cannula soft tissue establish subcutaneous path bone material introduced bone cannula system method advance tamping instrument cannula urge material residing cannula bone introducing step delivers material pressure greater psi
US-2017208760-A1,Patent Record US-2017208760-A1,"An apparatus for use in growing a plant crop, the apparatus comprising a structure enclosing a volume in which a crop can be maintained in a controlled environment during the growth of a crop, the structure housing two endless belts in spaced-apart parallel relationship and mounted for synchronous motion about a closed path, a trough to removably retain a nutrient solution for a crop, suspension means to enable a container holding a crop to be suspended between and move with the belts, the paths of the belts being such as to at least partially immerse the container in nutrient solution and feed a crop at least once on a complete belt circuit.",apparatus use growing plant crop apparatus comprising structure enclosing volume crop maintained controlled environment growth crop structure housing two endless belt spacedapart parallel relationship mounted synchronous motion closed path trough removably retain nutrient solution crop suspension mean enable container holding crop suspended move belt path belt least partially immerse container nutrient solution feed crop least complete belt circuit
US-5645052-A,Patent Record US-5645052-A,"An anaesthetic vaporizer for supplying an anaesthetic to a patient and having an inlet for receiving carrier gas and an outlet for delivering carrier gas laden with the anaesthetic to the patient. The vaporizer includes a pump having an expandable body, preferably of a metal, and which expands to draw in the liquid anaesthetic from a reservoir through a valving mechanism and which collapses to meter a precise amount of that liquid anaesthetic into a chamber where it is vaporized for introduction into the carrier gas as it passes between the inlet and the outlet.",anaesthetic vaporizer supplying anaesthetic patient inlet receiving carrier gas outlet delivering carrier gas laden anaesthetic patient vaporizer includes pump expandable body preferably metal expands draw liquid anaesthetic reservoir valving mechanism collapse meter precise amount liquid anaesthetic chamber vaporized introduction carrier gas pass inlet outlet
US-7272431-B2,Patent Record US-7272431-B2,"Apparatus and methods for performing remote detection of physiological activity are described. One aspect of the invention involves obtaining information concerning respiration and heart function. In one embodiment, the invention includes a source containing an oscillator configured to illuminate the subject with electromagnetic signal beam and a receiver configured to observe changes in the amplitude of the electromagnetic signal reflected by the subject.",apparatus method performing remote detection physiological activity described one aspect invention involves obtaining information concerning respiration heart function one embodiment invention includes source containing oscillator configured illuminate subject electromagnetic signal beam receiver configured observe change amplitude electromagnetic signal reflected subject
US-5721228-A,Patent Record US-5721228-A,"Topical rectal therapeutic composition containing, as the active ingredient, flunisolide and/or one or more ester derivatives of same, in combination with suitable excipients and/or diluents, for the treatment of inflammatory intestinal disorders.",topical rectal therapeutic composition containing active ingredient flunisolide andor one ester derivative combination suitable excipients andor diluent treatment inflammatory intestinal disorder
US-5294435-A,Patent Record US-5294435-A,"A nail polish or lacquer removing composition is reported which includes a volatile organic solvent such as acetone, a conditioning agent which is a C 8  -C 20  fatty acid or salt thereof, and a suspending polymer which is a styrene/(meth)acrylic copolymer. Absent the suspending copolymer, the conditioning agent tends to separate from the formulation.",nail polish lacquer removing composition reported includes volatile organic solvent acetone conditioning agent c c fatty acid salt thereof suspending polymer styrenemethacrylic copolymer absent suspending copolymer conditioning agent tends separate formulation
US-2004072636-A1,Patent Record US-2004072636-A1,"The present invention provides a backstop net assembly and kit for use in combination with a basketball hoop assembly, which comprises a multi-socketed mounting block, a plurality of net extension rods, and a ball-gathering net assembly. In a basketball playground, one can find an upright support post, a backboard mounted on the post, and a basketball rim and net structure mounted on the backboard. The present invention provides a basketball backstop net assembly to gather errant basketball shots launched by a basketball shooter to minimize basketball retrieval time and possible damage to surrounding valuables. The ball-gathering net is a reticulated having a size and width, which extends vertically and laterally via the net extension rods a sufficient distance to capture errant shots and to assist in keeping the basketball in play. Additionally, a perimeter cord bounds the reticulated portion of the net to provide added strength to the ball-gathering net.",present invention provides backstop net assembly kit use combination basketball hoop assembly comprises multisocketed mounting block plurality net extension rod ballgathering net assembly basketball playground one find upright support post backboard mounted post basketball rim net structure mounted backboard present invention provides basketball backstop net assembly gather errant basketball shot launched basketball shooter minimize basketball retrieval time possible damage surrounding valuable ballgathering net reticulated size width extends vertically laterally via net extension rod sufficient distance capture errant shot assist keeping basketball play additionally perimeter cord bound reticulated portion net provide added strength ballgathering net
US-2006037922-A1,Patent Record US-2006037922-A1,"A rack, or caddy, is disclosed which stores and dispenses used plastic bags. Normally the bags are grocery store or department store sized bags made from a thin film of plastic which have been saved for reuse somehow. The caddy includes a sheet member which may be made of molded plastic material such as polypropylene, and it has several cups joined to it. The interior walls of the cups are spaced far enough apart to permit a user to insert hand compacted plastic bags into the cups, and thereafter the walls hold them there by limiting the expansion of the bags.",rack caddy disclosed store dispenses used plastic bag normally bag grocery store department store sized bag made thin film plastic saved reuse somehow caddy includes sheet member may made molded plastic material polypropylene several cup joined interior wall cup spaced far enough apart permit user insert hand compacted plastic bag cup thereafter wall hold limiting expansion bag
US-4265483-A,Patent Record US-4265483-A,"The specification discloses modular seating in which interchangeable arm and armless end frames include a common rear frame portion joined to each respective front frame portion in butt wise fashion to give an integrated rather than tacked on appearance. The arm and armless end frames both have arcuately inturned rear portions and the armless has a similar arcuately inturned front portion for joining to front and rear cross supports. In contrast, the upwardly extending front leg of the arm frame includes an inwardly projecting bracket for joining to the front cross support and a sleeve on the bracket compensates for the length of the inturned front portion of the armless frame. Since the front and rear cross supports are at different levels, a leveling bracket or apron having triangular shaped sides is mounted between the front and rear cross supports to levelly support a table top thereon.",specification discloses modular seating interchangeable arm armless end frame include common rear frame portion joined respective front frame portion butt wise fashion give integrated rather tacked appearance arm armless end frame arcuately inturned rear portion armless similar arcuately inturned front portion joining front rear cross support contrast upwardly extending front leg arm frame includes inwardly projecting bracket joining front cross support sleeve bracket compensates length inturned front portion armless frame since front rear cross support different level leveling bracket apron triangular shaped side mounted front rear cross support levelly support table top thereon
US-2017007093-A1,Patent Record US-2017007093-A1,"A system for protecting a dishwasher from freezing using components within a dishwasher. The system comprising: a control circuit, a heating element, a water pump, drain hose, hot water supply, water valve, door sensor to determine whether dishwasher door is closed and a temperature sensor.",system protecting dishwasher freezing using component within dishwasher system comprising control circuit heating element water pump drain hose hot water supply water valve door sensor determine whether dishwasher door closed temperature sensor
US-6117114-A,Patent Record US-6117114-A,"A valve adapted to actuators with various tolerances by having a flexible axial wall extend inwardly from an input of a housing containing a plurality of stationary and longitudinally extending ribs and by having the flexible axial wall surroundingly engage each inserted actuator, regardless of tolerance variations.",valve adapted actuator various tolerance flexible axial wall extend inwardly input housing containing plurality stationary longitudinally extending rib flexible axial wall surroundingly engage inserted actuator regardless tolerance variation
US-2006283402-A1,Patent Record US-2006283402-A1,"An animal collar with removable and replaceable inserts for custom ornamentation. An animal leash with removable and replaceable inserts for custom ornamentation, allowing for coordination of the leash and collar in some instances. An animal collar with a leash attach point located to allow for display of the collar ornamentation while the animal leashed. A reversible animal collar with ornamentation on both sides of the collar.",animal collar removable replaceable insert custom ornamentation animal leash removable replaceable insert custom ornamentation allowing coordination leash collar instance animal collar leash attach point located allow display collar ornamentation animal leashed reversible animal collar ornamentation side collar
US-8962013-B2,Patent Record US-8962013-B2,"The UV-stable solid transdermal therapeutic system (TTS) with UV absorber for photosensitive active pharmaceutical ingredients has a backing layer ( 1 ), at least one active ingredient-containing matrix ( 2 ), and a detachable protective film ( 3 ). Optionally an adhesive layer ( 4 ) and a separating layer ( 5 ) are introduced between the backing layer ( 1 ) and the at least one active ingredient-containing matrix ( 2 ). At least one hydroxyphenyltriazine compound acting as UV absorber is embedded in the backing layer ( 1 ), in the active ingredient-containing matrix ( 2 ), or in the adhesive layer ( 4 ). The TTS according to the invention achieves high stability at low concentrations of UV absorber, preferably 0.5 to 3% (m/m), so as to reduce or avoid skin irritation.",uvstable solid transdermal therapeutic system tt uv absorber photosensitive active pharmaceutical ingredient backing layer least one active ingredientcontaining matrix detachable protective film optionally adhesive layer separating layer introduced backing layer least one active ingredientcontaining matrix least one hydroxyphenyltriazine compound acting uv absorber embedded backing layer active ingredientcontaining matrix adhesive layer tt according invention achieves high stability low concentration uv absorber preferably mm reduce avoid skin irritation
US-5415276-A,Patent Record US-5415276-A,A toothpick packet having a housing for carrying flat perforated sheets. At least one perforation on each sheet defines a flat toothpick. The housing is selectively openable to allow access to the perforated sheets for the detachment of a toothpick.,toothpick packet housing carrying flat perforated sheet least one perforation sheet defines flat toothpick housing selectively openable allow access perforated sheet detachment toothpick
US-4793026-A,Patent Record US-4793026-A,"An apparatus for skinning fish includes a pressure pad carrying an oscillating knife blade and defining a presser surface which faces the circumferential surface of a skinning roller, the pressure pad being mounted to yield against spring force. The oscillating knife blade is guided in a pocket formed in the pressure pad. This arrangement makes it possible to skin fish fillets without any splitting of the tail portion.",apparatus skinning fish includes pressure pad carrying oscillating knife blade defining presser surface face circumferential surface skinning roller pressure pad mounted yield spring force oscillating knife blade guided pocket formed pressure pad arrangement make possible skin fish fillet without splitting tail portion
US-8894499-B2,Patent Record US-8894499-B2,"A ride is formed comprising a channel forming a closed loop. The channel is able to receive water. Wave forming means are provided operable to create a wave, when the channel contains water, such that the wave will progress around the channel. The wave is of sufficient size to enable aquatic pastimes to be performed on the wave.",ride formed comprising channel forming closed loop channel able receive water wave forming mean provided operable create wave channel contains water wave progress around channel wave sufficient size enable aquatic pastime performed wave
US-2012034305-A1,Patent Record US-2012034305-A1,"The invention disclosed herein relate to an oral vaccine in which the vaccine composition and adjuvant(s) are carried on a solid fast-dispersing dosage form. The vaccines are targeted toward mucosal tissue and the adjuvant serves to ensure sufficient residence time for the vaccine composition on the mucosal tissue to facilitate its absorption thereby. The fast-dispersing oral solid vaccine dosage form of the invention is particularly useful to administer the vaccine to patients that have difficulty swallowing medications. In one embodiment, the invention provides a fast disintegrating oral solid vaccine dosage form comprising: an immunogenic amount of an antigenic preparation, the antigenic preparation comprising a microsphere-antigen complex; an adjuvant, wherein the adjuvant enhances the absorption of the antigen or potentiates the immunogenic response; a mucoadhesive substance; and a low density dosage form matrix.",invention disclosed herein relate oral vaccine vaccine composition adjuvant carried solid fastdispersing dosage form vaccine targeted toward mucosal tissue adjuvant serf ensure sufficient residence time vaccine composition mucosal tissue facilitate absorption thereby fastdispersing oral solid vaccine dosage form invention particularly useful administer vaccine patient difficulty swallowing medication one embodiment invention provides fast disintegrating oral solid vaccine dosage form comprising immunogenic amount antigenic preparation antigenic preparation comprising microsphereantigen complex adjuvant wherein adjuvant enhances absorption antigen potentiates immunogenic response mucoadhesive substance low density dosage form matrix
US-5288504-A,Patent Record US-5288504-A,A microencapsulated pharmaceutical is formed by vapor depositing a polymeric film about an active pharmaceutical agent. The film thickness of the vapor deposited film is controlled to provide effective controlled release of said pharmaceutical agent subsequent to application. In a preferred embodiment the pharmaceutical is an orally ingestible pharmaceutical formed by vapor deposition of a poly-p-xylylene polymer about a core comprising an active pharmaceutical agent. The pharmaceutical agent exhibits surprising controlled release activity inspite of the extreme inertness of vapor deposited films such as Parylene films.,microencapsulated pharmaceutical formed vapor depositing polymeric film active pharmaceutical agent film thickness vapor deposited film controlled provide effective controlled release said pharmaceutical agent subsequent application preferred embodiment pharmaceutical orally ingestible pharmaceutical formed vapor deposition polypxylylene polymer core comprising active pharmaceutical agent pharmaceutical agent exhibit surprising controlled release activity inspite extreme inertness vapor deposited film parylene film
US-3953935-A,Patent Record US-3953935-A,"A toy power supply having a battery power pack and a pair of conductive leads extending therefrom; each lead having an output contact element connected thereto and the electrical output contact elements may be individual elements or form part of a glove, mitten or prong-like electric power wand or &#34;prod&#34;. The output contact elements are compatible with pairs of input contact elements on electrically actuated toys and accessories, such as dolls. In operation, the output contact elements operate in effect as a kind of switch, and upon said contacts properly engaging a pair of input contact elements of a toy, whatever toy one is operating will then start to function, whether it is a motor or light or other accessory.",toy power supply battery power pack pair conductive lead extending therefrom lead output contact element connected thereto electrical output contact element may individual element form part glove mitten pronglike electric power wand prod output contact element compatible pair input contact element electrically actuated toy accessory doll operation output contact element operate effect kind switch upon said contact properly engaging pair input contact element toy whatever toy one operating start function whether motor light accessory
US-2003086964-A1,Patent Record US-2003086964-A1,"Provided are methods and compositions for reducing the toxicity of certain hydrophobic therapeutic agents, especially polyene antibiotics, in particular, Amphotericin B (AmB), and therapeutics such as paclitaxel, tamoxifen, an acylated prodrug or an acylated cis-platin, by incorporating these agents within micelles comprising an amphiphilic block-forming copolymer. Where the polyene is amphotericin B, desirably the spacer is an alkyl molecule of aabout 2 to about 8 carbon atoms, desirably 6 carbon atoms, and the core is an N-alkyl molecule of about 8 to about 28 carbon atoms, desirably 12 to 22 carbon atoms, advantageously, 12 to 18 carbon atoms, and as specifically embodied, 18 carbon atoms (stearate moiety). For the formulation of a larger polyene, the spacer and core are proportionately larger than those for amphotericin B. As specifically exemplified herein, the polymer backbone is a PEO of about 270 units with about 10-30 core-forming PLAA subunits, and advantageously about 14-24. Desirably the stearate moiety has a substitution level on the copolymer from about 35 percent to about 70 percent.",provided method composition reducing toxicity certain hydrophobic therapeutic agent especially polyene antibiotic particular amphotericin b amb therapeutic paclitaxel tamoxifen acylated prodrug acylated cisplatin incorporating agent within micelle comprising amphiphilic blockforming copolymer polyene amphotericin b desirably spacer alkyl molecule aabout carbon atom desirably carbon atom core nalkyl molecule carbon atom desirably carbon atom advantageously carbon atom specifically embodied carbon atom stearate moiety formulation larger polyene spacer core proportionately larger amphotericin b specifically exemplified herein polymer backbone peo unit coreforming plaa subunit advantageously desirably stearate moiety substitution level copolymer percent percent
US-2016261695-A1,Patent Record US-2016261695-A1,There is provided a system and apparatus comprising a fastener component of novel geometry. There is further provided systems and apparatuses comprising a fastener component that communicates information in additional to providing mechanical attachment. There is still further provided novel substrates for fastener systems and assemblies.,provided system apparatus comprising fastener component novel geometry provided system apparatus comprising fastener component communicates information additional providing mechanical attachment still provided novel substrate fastener system assembly
US-8986078-B2,Patent Record US-8986078-B2,"A method for processing poultry suspended by the feet from a conveyor hook is provided. The method and apparatus allow the quality of the poultry to be classified and graded in a simpler and more effective manner to realize higher yields or an extra added value. In one exemplary embodiment, a processing apparatus for a foot of the poultry is provided that includes a foot pad inspection apparatus.",method processing poultry suspended foot conveyor hook provided method apparatus allow quality poultry classified graded simpler effective manner realize higher yield extra added value one exemplary embodiment processing apparatus foot poultry provided includes foot pad inspection apparatus
US-2006173371-A1,Patent Record US-2006173371-A1,Method and apparatus for determining alternans data of an ECG signal. The method can include determining at least one value representing at least one morphology feature of each beat of the ECG signal and generating a set of data points based on a total quantity of values and a total quantity of beats. The data points can each include a first value determined using a first mathematical function and a second value determined using a second mathematical function. The method can also include several preprocessing algorithms to improve the signal to noise ratio. The method can also include separating the data points into a first group of points and a second group of points and generating a feature map by plotting the first group of points and the second group of points in order to assess an alternans pattern of variation. The feature map can be analyzed by statistical tests to determine the significance difference between groups and clusters.,method apparatus determining alternans data ecg signal method include determining least one value representing least one morphology feature beat ecg signal generating set data point based total quantity value total quantity beat data point include first value determined using first mathematical function second value determined using second mathematical function method also include several preprocessing algorithm improve signal noise ratio method also include separating data point first group point second group point generating feature map plotting first group point second group point order assess alternans pattern variation feature map analyzed statistical test determine significance difference group cluster
US-7222833-B2,Patent Record US-7222833-B2,"The hanger of present invention comprises of an integral hook and anchor sections in the upper and lower parts of hanger respectively. The hook section forms an U-hook for suspending and retaining the hanging wire of a picture frame. The anchor section guides a fastener such as a nail to drive through the anchor section and into the wall in inclined position. The hanger of present invention allows the hanging wire of the picture frame to directly engage into the U-hook without interference when a person holds the picture frame against the wall, and slides the picture frame downward to approach the hanger from the top of hanger.",hanger present invention comprises integral hook anchor section upper lower part hanger respectively hook section form uhook suspending retaining hanging wire picture frame anchor section guide fastener nail drive anchor section wall inclined position hanger present invention allows hanging wire picture frame directly engage uhook without interference person hold picture frame wall slide picture frame downward approach hanger top hanger
US-3970149-A,Patent Record US-3970149-A,"A horseshoe including an upper shoe member for attachment to a horse&#39;s hoof and having a latch recess, an intermediate body member having a latch tongue for engagement with the latch recess to secure the intermediate body member to the upper shoe member, and a lower shoe member adapted to be secured to the bottom surface of the body member. In a preferred form of the invention, the body member includes at least two cavities with separate inlets thereto for receiving fluent weight material.",horseshoe including upper shoe member attachment horse hoof latch recess intermediate body member latch tongue engagement latch recess secure intermediate body member upper shoe member lower shoe member adapted secured bottom surface body member preferred form invention body member includes least two cavity separate inlet thereto receiving fluent weight material
US-2009258590-A1,Patent Record US-2009258590-A1,"A hands-free apparatus for removing smoke from an operative site is provided. The apparatus includes a tube having one or more tube holders adapted to maintain the apparatus in communication with the operator&#39;s hand. During use, the apparatus rests on the operator&#39;s hand, without the need for the operator to manipulate the apparatus, and smoke or other atmospheric contaminants are transmitted through the tube into a suctioning device.",handsfree apparatus removing smoke operative site provided apparatus includes tube one tube holder adapted maintain apparatus communication operator hand use apparatus rest operator hand without need operator manipulate apparatus smoke atmospheric contaminant transmitted tube suctioning device
US-2003220539-A1,Patent Record US-2003220539-A1,"The present disclosure is directed to an improved rear tip and rear tip extender where the rear tip securely attaches to a rear tip extender, even when slippery, and can avoid creating an irritating discontinuity in the profile. In a first aspect, the disclosure is directed to a penile implant having a cylinder with a rear tip. The rear tip includes a section having a generally smooth profile and a section having a connector end. A rear tip extender is adapted to fit over the section having the connector end. The rear tip extender includes a base, wherein the base fits over the rear tip at an interface. The rear tip is adapted to receive the rear tip extender with a ring in groove attachment. The base is aligned with the generally smooth profile of the rear tip without a protuberance at the interface. In a second aspect, the disclosure is directed to a penile implant including a cylinder having a rear tip. The cylinder includes a hydrophilic coating adapted to receive an antimicrobial solution. A rear tip extender is adapted to fit over the rear tip, and the rear tip and rear tip extender are connected together with a ring in groove attachment.",present disclosure directed improved rear tip rear tip extender rear tip securely attache rear tip extender even slippery avoid creating irritating discontinuity profile first aspect disclosure directed penile implant cylinder rear tip rear tip includes section generally smooth profile section connector end rear tip extender adapted fit section connector end rear tip extender includes base wherein base fit rear tip interface rear tip adapted receive rear tip extender ring groove attachment base aligned generally smooth profile rear tip without protuberance interface second aspect disclosure directed penile implant including cylinder rear tip cylinder includes hydrophilic coating adapted receive antimicrobial solution rear tip extender adapted fit rear tip rear tip rear tip extender connected together ring groove attachment
US-8298036-B2,Patent Record US-8298036-B2,"A dynamo powered amusement device is provided that has multiple amusement functions integrated into a housing. The amusement functions include two or more of a movement, a light emitting diode illumination, an auditory output and a video presentation. The electrical power source for the amusement functions is a manually powered dynamo. The direct current generated by a dynamo is provided to a printed circuit board in electrical communication with the amusement functions so as to provide power directly from the manually powered dynamo or, if a chargeable battery is present, to supply power from the chargeable battery. The amusement device provides enhanced performance relative to mechanical amusement devices while avoiding costs and environment problems associated with disposable battery containing amusement devices.",dynamo powered amusement device provided multiple amusement function integrated housing amusement function include two movement light emitting diode illumination auditory output video presentation electrical power source amusement function manually powered dynamo direct current generated dynamo provided printed circuit board electrical communication amusement function provide power directly manually powered dynamo chargeable battery present supply power chargeable battery amusement device provides enhanced performance relative mechanical amusement device avoiding cost environment problem associated disposable battery containing amusement device
US-6197822-B1,Patent Record US-6197822-B1,"The compound                            
     is a neuropeptide Y antagonist and is effective in treating feeding disorders, cardiovascular diseases and other physiological disorders.",compound neuropeptide antagonist effective treating feeding disorder cardiovascular disease physiological disorder
US-2006073760-A1,Patent Record US-2006073760-A1,"The invention concerns a method and a system for piloting mobile objects driven by actuators connected to an electric power. The mobile objects are guided by operators via a guide circuit. The guide circuit is common to the various mobile objects moving around the same continuous track. The system comprises parameterizing means for parameterizing the mobile object based on the mobility strategy chosen, and/or transmission means for transmitting to said mobile object control instructions in accordance with the mobility strategy chosen, particularly control instructions related to its speed and to the guide lane used. The mobile object includes selection means for selecting the guide lane used based on the mobility strategy. The selection means are implemented by the mobile object.",invention concern method system piloting mobile object driven actuator connected electric power mobile object guided operator via guide circuit guide circuit common various mobile object moving around continuous track system comprises parameterizing mean parameterizing mobile object based mobility strategy chosen andor transmission mean transmitting said mobile object control instruction accordance mobility strategy chosen particularly control instruction related speed guide lane used mobile object includes selection mean selecting guide lane used based mobility strategy selection mean implemented mobile object
US-2016361582-A1,Patent Record US-2016361582-A1,A device used for ankle-based inversion therapy and which does not require hardware is described in this document. It allows the user to be suspended in an inverted posture from their ankles while being supported by an auxiliary mounting bar. The design of this device is presented in this document as an alternative to traditional hook-based gravity boots.,device used anklebased inversion therapy require hardware described document allows user suspended inverted posture ankle supported auxiliary mounting bar design device presented document alternative traditional hookbased gravity boot
US-2013022385-A1,Patent Record US-2013022385-A1,"The invention relates to a cosmetics unit, in particular a mascara unit, that includes a storage container for storing the cosmetic to be applied, an applicator which in its stowed position preferably dips into the cosmetic, and a wiper device which wipes off a portion of the cosmetic picked up by the applicator during dipping. The wiper device consists of several wipers that produce a different wiping action and through which the applicator can be passed alternatively.",invention relates cosmetic unit particular mascara unit includes storage container storing cosmetic applied applicator stowed position preferably dip cosmetic wiper device wipe portion cosmetic picked applicator dipping wiper device consists several wiper produce different wiping action applicator passed alternatively
US-6694986-B2,Patent Record US-6694986-B2,"An apparatus for applying a fluid to hair is provided. The apparatus includes a reservoir for containing a fluid, sidewalls for defining the reservoir. The sidewalls form an elongate curvilinear cavity along an interior surface and forming an exterior surface, wherein the cavity includes the reservoir and having a top portion and a bottom portion and the cavity having a longitudinal axis. The applicator also includes a top endwall located at the top portion of the sidewalls and the endwall includes an elongate cavity for dispensing a fluid. A flexible lip is located adjacent the cavity for assistance in dispensing a fluid from the elongate cavity is also included in the applicator. The applicator includes a movable bottom endwall for containing the fluid within the reservoir and advancing fluid and a rotatable smoothing rod attached to the exterior surface of the sidewalls.",apparatus applying fluid hair provided apparatus includes reservoir containing fluid sidewall defining reservoir sidewall form elongate curvilinear cavity along interior surface forming exterior surface wherein cavity includes reservoir top portion bottom portion cavity longitudinal axis applicator also includes top endwall located top portion sidewall endwall includes elongate cavity dispensing fluid flexible lip located adjacent cavity assistance dispensing fluid elongate cavity also included applicator applicator includes movable bottom endwall containing fluid within reservoir advancing fluid rotatable smoothing rod attached exterior surface sidewall
US-5328368-A,Patent Record US-5328368-A,A disposable elongate protective sheath for covering the tip of a dental cure light to prevent cross contamination between dental patients.,disposable elongate protective sheath covering tip dental cure light prevent cross contamination dental patient
US-7867543-B2,Patent Record US-7867543-B2,"This invention discloses a method for making rice bran flour by treating rice bran under high pressure and high temperature for a long period of time in two separate steps, the method comprising: husking and grinding the rice, then collecting the rice bran; inactivating the lipase of the rice bran; treating the rice bran under high pressure and high temperature; drying and screening the rice bran; treating the rice bran flour so obtained under high pressure and high temperature again; and cooling the rice bran. Said rice bran flour made from said method is effective in lowering glycosylated hemoglobin and increasing insulin of diabetes mellitus patients.",invention discloses method making rice bran flour treating rice bran high pressure high temperature long period time two separate step method comprising husking grinding rice collecting rice bran inactivating lipase rice bran treating rice bran high pressure high temperature drying screening rice bran treating rice bran flour obtained high pressure high temperature cooling rice bran said rice bran flour made said method effective lowering glycosylated hemoglobin increasing insulin diabetes mellitus patient
US-2012085289-A1,Patent Record US-2012085289-A1,"Animal feeders that are resistant to depletion of the feed hopper due to undesired feeding by small birds and small animals as well as related methods are described. Exemplary feeders preferably comprise an enclosure surrounding a feed distributor and that comprises first and second portions. The enclosure prevents small birds and small animals from accessing the feed distributor and includes a gap through which the feed distributor directs feed. Moreover, the present invention provides animal feeders that eliminate the potential for feed to jam the feed distributor thereby allowing smaller, more economical motors to be used.",animal feeder resistant depletion feed hopper due undesired feeding small bird small animal well related method described exemplary feeder preferably comprise enclosure surrounding feed distributor comprises first second portion enclosure prevents small bird small animal accessing feed distributor includes gap feed distributor directs feed moreover present invention provides animal feeder eliminate potential feed jam feed distributor thereby allowing smaller economical motor used
US-8815298-B2,Patent Record US-8815298-B2,"A therapeutic composition is described comprising honey or a honey derivative, a surfactant, and at least one topical carrier or vehicle selected from the group consisting of a fatty ester, a wax and a wax-like compound; wherein the composition has been subjected to a sterilization effective dosage of radiation, and wherein the topical carrier or vehicle, when subjected to that dosage, does not substantially modify the properties of the composition present before the sterilization.",therapeutic composition described comprising honey honey derivative surfactant least one topical carrier vehicle selected group consisting fatty ester wax waxlike compound wherein composition subjected sterilization effective dosage radiation wherein topical carrier vehicle subjected dosage substantially modify property composition present sterilization
US-2007012009-A1,Patent Record US-2007012009-A1,A method for controlling and modifying the drop rate of a header on an agricultural harvesting machine by providing a programmable electronic control unit capable of receiving operator input through an input device. The programmable electronic control unit generates output signals based on the operator input to raise and lower the header according to a corresponding output drop rate signal.,method controlling modifying drop rate header agricultural harvesting machine providing programmable electronic control unit capable receiving operator input input device programmable electronic control unit generates output signal based operator input raise lower header according corresponding output drop rate signal
US-2004073244-A1,Patent Record US-2004073244-A1,"A method and apparatus for removing plaque, fatty deposits, and other occlusions from blood vessels using ultrasonic energy. The method and apparatus has particular application in removing plaque from the carotid artery in a non-thermal manner. The apparatus is designed to have as small a cross-sectional profile as possible, therefore allowing the apparatus to be used in a minimally-invasive manner. As a result, the apparatus can be used in both surgical and outpatient treatment with minimal post-operative complications and minimal damage to areas other than the area of treatment. An ultrasonic probe may include aspiration channels on its outer surface. An aspiration sheath may surround the ultrasonic probe, such that the location of an aspiration port may be varied axially relative to the ultrasonic tip.",method apparatus removing plaque fatty deposit occlusion blood vessel using ultrasonic energy method apparatus particular application removing plaque carotid artery nonthermal manner apparatus designed small crosssectional profile possible therefore allowing apparatus used minimallyinvasive manner result apparatus used surgical outpatient treatment minimal postoperative complication minimal damage area area treatment ultrasonic probe may include aspiration channel outer surface aspiration sheath may surround ultrasonic probe location aspiration port may varied axially relative ultrasonic tip
US-4122346-A,Patent Record US-4122346-A,Various optical devices for use with circular-scanning techniques in computed transaxial tomography are disclosed. In essence such devices produce a rotating dipole field so as simultaneously to provide a circular scan and to focus the charged particle beam on the circular target.,various optical device use circularscanning technique computed transaxial tomography disclosed essence device produce rotating dipole field simultaneously provide circular scan focus charged particle beam circular target
US-9078751-B2,Patent Record US-9078751-B2,"A valve prosthesis is adapted to operate in conjunction with native heart valve leaflets. The prosthesis includes an annulus and a skirt extending from the annulus. The skirt may be configured to be positioned through a native heart valve annulus, and the skirt may be movable between an open configuration permitting blood flow through the skirt and a closed configuration blocking blood flow through the skirt in cooperation with opening and closing of the native heart valve leaflets.",valve prosthesis adapted operate conjunction native heart valve leaflet prosthesis includes annulus skirt extending annulus skirt may configured positioned native heart valve annulus skirt may movable open configuration permitting blood flow skirt closed configuration blocking blood flow skirt cooperation opening closing native heart valve leaflet
US-2007179431-A1,Patent Record US-2007179431-A1,"A peritoneal-based (“bloodless”) artificial kidney processes peritoneal fluid without need for additional fluids (“waterless”). Fluid is separated into a protein-rich stream and a protein-free stream. The protein-rich stream is regenerated using a sorbent assembly, and its protein composition can be modified by removal of selected protein(s) (“dialysate-pheresis”). It is then reconstituted with additives and returned into the peritoneal cavity, thereby reducing protein-loss and providing oncotic-pressure for ultrafiltration. The protein-free stream is used to produce free water, and an alkaline or acid fluid for optimization of the composition of the regenerated stream. The unused protein-free stream can be used to “reverse flush” the separator to maintain its patency and the excess discarded for fluid-balance regulation. Compared to prior art, immobilization of urease allows more protein rich fluid to be regenerated and re-circulated into the peritoneal cavity for toxin removal and allows practicable development of portable and wearable artificial kidneys.",peritonealbased bloodless artificial kidney process peritoneal fluid without need additional fluid waterless fluid separated proteinrich stream proteinfree stream proteinrich stream regenerated using sorbent assembly protein composition modified removal selected protein dialysatepheresis reconstituted additive returned peritoneal cavity thereby reducing proteinloss providing oncoticpressure ultrafiltration proteinfree stream used produce free water alkaline acid fluid optimization composition regenerated stream unused proteinfree stream used reverse flush separator maintain patency excess discarded fluidbalance regulation compared prior art immobilization urease allows protein rich fluid regenerated recirculated peritoneal cavity toxin removal allows practicable development portable wearable artificial kidney
US-2006229732-A1,Patent Record US-2006229732-A1,A femoral prosthetic component of a replacement hip joint comprises a stem for fixing in a medullary cavity. A separate proximal element is provided with a neck for receiving a modular ball head or having an integral ball head. A dove tail-shaped system is provided for securing the proximal component to the stem which includes a sliding tongue and groove joint. The tongue being provided on the stem by an undercut rail which extends in a medial-lateral direction and the groove being provided in the separate proximal element. The tongue and groove being tapered along their lengths.,femoral prosthetic component replacement hip joint comprises stem fixing medullary cavity separate proximal element provided neck receiving modular ball head integral ball head dove tailshaped system provided securing proximal component stem includes sliding tongue groove joint tongue provided stem undercut rail extends mediallateral direction groove provided separate proximal element tongue groove tapered along length
US-2016242787-A1,Patent Record US-2016242787-A1,"The application provides for an elastic band application ligation device. The following medical device medical device features an embowed inner tube, having a wall and a flat tip, a pusher which is complementarily shaped to said inner tube; and a receiving port, which is configured to removably attach to a device capable of generating suction. Preferably, this device capable of generating suction will be a disposable luer lock syringe.",application provides elastic band application ligation device following medical device medical device feature embowed inner tube wall flat tip pusher complementarily shaped said inner tube receiving port configured removably attach device capable generating suction preferably device capable generating suction disposable luer lock syringe
US-9655613-B2,Patent Record US-9655613-B2,A surgical stapling device is configured for use in open and/or laparoscopic surgical procedures. The device includes a staple holder with a first support element and a second support element for supporting a beltless continuous staple chain. Each staple of the staple chain is configured to be frangibly separated from the staple chain to pierce and secure a target tissue when each staple is deployed. The device also includes a plurality of standoff members wherein each of the plurality of standoff members is configured to support one of each staple of the staple chain when the one of each staple is being deployed. The surgical stapling device may be a cartridge-based or a cartridge-less based staple device.,surgical stapling device configured use open andor laparoscopic surgical procedure device includes staple holder first support element second support element supporting beltless continuous staple chain staple staple chain configured frangibly separated staple chain pierce secure target tissue staple deployed device also includes plurality standoff member wherein plurality standoff member configured support one staple staple chain one staple deployed surgical stapling device may cartridgebased cartridgeless based staple device
US-2007191148-A1,Patent Record US-2007191148-A1,"A modular self-storing basketball goal system includes a foundation box having a pivotable top cover movable from a horizontal closed position and a vertical open position for deployment of a basketball game upward therefrom. The basketball goal includes a post assembly having a backboard and rim attachable at a top end. The post, backboard and hoop are stored within the foundation box when the basketball game goal is not deployed. The post extends up from the top cover for deploying the basketball game goal. Folding locking struts support the top cover during use. The post assembly is telescoped and folded down to fit into the foundation box, along with the backboard and hoop for storage.",modular selfstoring basketball goal system includes foundation box pivotable top cover movable horizontal closed position vertical open position deployment basketball game upward therefrom basketball goal includes post assembly backboard rim attachable top end post backboard hoop stored within foundation box basketball game goal deployed post extends top cover deploying basketball game goal folding locking strut support top cover use post assembly telescoped folded fit foundation box along backboard hoop storage
US-2017119710-A1,Patent Record US-2017119710-A1,"Techniques are disclosed for prevention or treatment of physiological shock by administering a specific therapeutic agent, which is able to use smaller volumes of reagent to achieve complete inhibition, than other previously described techniques.",technique disclosed prevention treatment physiological shock administering specific therapeutic agent able use smaller volume reagent achieve complete inhibition previously described technique
US-4528720-A,Patent Record US-4528720-A,"A squid processing method and apparatus includes means for sectionizing squid while they are on a feed conveyor, and then transferring selected sections to a processing conveyor on which each section is skinned and its internal organs separated from the edible portion of the section and flushed away.",squid processing method apparatus includes mean sectionizing squid feed conveyor transferring selected section processing conveyor section skinned internal organ separated edible portion section flushed away
US-2012315600-A1,Patent Record US-2012315600-A1,"A ceramic implant, in particular a dental implant, is provided, which has a ceramic, endosseous surface region, in other words, which is to say a region that is intended to be embedded into the bone tissue and that is made of a ceramic material. The surface region has at least one first zone having a surface modification, in which first zone the surface is roughened or porous, and at least one second zone, in which the surface is not roughened or porous.",ceramic implant particular dental implant provided ceramic endosseous surface region word say region intended embedded bone tissue made ceramic material surface region least one first zone surface modification first zone surface roughened porous least one second zone surface roughened porous
US-8864788-B2,Patent Record US-8864788-B2,A patient&#39;s pharyngeal wall is treated by inserting an expander member into the airway and positioning an active portion of the expander member in opposition to portions of the pharyngeal wall to be treated. The expander member is activated to urge the wall portions outwardly to an outwardly displaced position. The expander member is then deactivated while leaving the wall portions in the outwardly placed position and the expander member is removed from said airway. A further aspect of the treatment includes stabilization of at least a portion of the pharyngeal wall after compression of portions of the wall.,patient pharyngeal wall treated inserting expander member airway positioning active portion expander member opposition portion pharyngeal wall treated expander member activated urge wall portion outwardly outwardly displaced position expander member deactivated leaving wall portion outwardly placed position expander member removed said airway aspect treatment includes stabilization least portion pharyngeal wall compression portion wall
US-8635790-B2,Patent Record US-8635790-B2,"An article having a primary use associated with an open position thereof, and a secondary use associated with a closed position thereof. The primary use is that of a piece of clothing, and the secondary use is that of a storage container. The article comprises a pouch portion ( 12 ) having an opening ( 20 ), the pouch constituting, in the open position of the article, a functional portion of said piece of clothing, and, in a the closed position of the article, a storage pocket.",article primary use associated open position thereof secondary use associated closed position thereof primary use piece clothing secondary use storage container article comprises pouch portion opening pouch constituting open position article functional portion said piece clothing closed position article storage pocket
US-8241210-B2,Patent Record US-8241210-B2,"A surgical apparatus includes an elongate cannula having a lumen extending therein between proximal and distal ends, a retractor disposed to slide within the lumen to extend a distal end thereof beyond the distal end of the cannula, an angling device connected to the retractor near the distal end of the retractor and extending within the cannula toward the proximal end thereof for selectively deflecting the distal end of the retractor away from a central axis of the cannula in response to manual manipulation of the angling device from near the proximal end of the cannula, wherein the distal end of the retractor is configured to move, upon extension, an object away from the central axis of the cannula.",surgical apparatus includes elongate cannula lumen extending therein proximal distal end retractor disposed slide within lumen extend distal end thereof beyond distal end cannula angling device connected retractor near distal end retractor extending within cannula toward proximal end thereof selectively deflecting distal end retractor away central axis cannula response manual manipulation angling device near proximal end cannula wherein distal end retractor configured move upon extension object away central axis cannula
US-2007069486-A1,Patent Record US-2007069486-A1,The Angular Adjustment Mechanism for Snowboard Bindings positioned between the snowboard and boot bindings allows angular adjustment between the snowboard rider&#39;s boot bindings and the snowboard without the need for any tools or levers. The user can make adjustments at any time by weighting the board with either foot and lifting and rotating the opposite foot. A lifting action releases the mechanism allowing for the adjustment of angular orientation. Removal of the lifting force engages the locking mechanism preventing further angular movement.,angular adjustment mechanism snowboard binding positioned snowboard boot binding allows angular adjustment snowboard rider boot binding snowboard without need tool lever user make adjustment time weighting board either foot lifting rotating opposite foot lifting action release mechanism allowing adjustment angular orientation removal lifting force engages locking mechanism preventing angular movement
US-9028491-B2,Patent Record US-9028491-B2,"An electrosurgical handpiece comprising a squeezable handle connected to extend and retract bipolar electrodes from a rigid tubular member. The bipolar electrodes comprise active separable distal ends and connecting links configured such that when the handle is unsqueezed, the active distal ends protrude from the distal end of the first tubular member and are adjacent one another, and when the handle is fully squeezed, the active distal ends are fully extended outwardly from the first tubular member and separate, and when the handle is relaxed but still partially squeezed, the active distal ends come together and touch first at their extreme ends and then touch over a broader area in a position to grasp tissue for receiving electrosurgical currents.",electrosurgical handpiece comprising squeezable handle connected extend retract bipolar electrode rigid tubular member bipolar electrode comprise active separable distal end connecting link configured handle unsqueezed active distal end protrude distal end first tubular member adjacent one another handle fully squeezed active distal end fully extended outwardly first tubular member separate handle relaxed still partially squeezed active distal end come together touch first extreme end touch broader area position grasp tissue receiving electrosurgical current
US-2016249715-A1,Patent Record US-2016249715-A1,"An elongated walking assistance device includes an upper portion, a lower portion, and an adjustable system which couples the upper and lower portions. The lower portion includes a shock absorbing system attached to a surface contact heel. The adjustable system includes a threaded rod which extends from the upper portion along a longitudinal axis, a pushbutton assembly surrounding the threaded rod, and a tubular shaft capturing the pushbutton assembly. For fine adjustments, the user may rotate the threaded rod with respect to the tubular shaft to adjust the overall length of the device. For coarse adjustments, the user may disengage the pushbutton and slide the tubular shaft along the longitudinal axis.",elongated walking assistance device includes upper portion lower portion adjustable system couple upper lower portion lower portion includes shock absorbing system attached surface contact heel adjustable system includes threaded rod extends upper portion along longitudinal axis pushbutton assembly surrounding threaded rod tubular shaft capturing pushbutton assembly fine adjustment user may rotate threaded rod respect tubular shaft adjust overall length device coarse adjustment user may disengage pushbutton slide tubular shaft along longitudinal axis
US-2016206721-A1,Patent Record US-2016206721-A1,"Disclosed are stable conjugate vaccine formulations for protection against  Salmonella typhi , and methods of conjugation between Vi-polysaccharide of  S. typhi  to tetanus toxoid as the carrier protein, responsible for producing improved T-dependent immune response against Typhoid fever caused by  Salmonella typhi . The methods disclosed in this invention and the resulting formulations are capable of inducing immunity against typhoid fever including in children below 2 years of age, through only a single injection to comprise a complete vaccination schedule.",disclosed stable conjugate vaccine formulation protection salmonella typhi method conjugation vipolysaccharide typhi tetanus toxoid carrier protein responsible producing improved tdependent immune response typhoid fever caused salmonella typhi method disclosed invention resulting formulation capable inducing immunity typhoid fever including child year age single injection comprise complete vaccination schedule
US-9211052-B2,Patent Record US-9211052-B2,"An endoscope measures the topography of a surface. The endoscope contains a projection unit and an imaging unit. The endoscope is characterized in that an objective unit is provided as a component both of the projection unit and the imaging unit. By the integration of the projection unit and the imaging unit, which both use a common objective unit, the structural volume required by both units is reduced resulting in a smaller endoscope.",endoscope measure topography surface endoscope contains projection unit imaging unit endoscope characterized objective unit provided component projection unit imaging unit integration projection unit imaging unit use common objective unit structural volume required unit reduced resulting smaller endoscope
US-2004194205-A1,Patent Record US-2004194205-A1,"A portable foot bath has a reservoir for holding a volume of liquid. The reservoir has a floor. The foot bath also has a jet connected to a pump. A first outlet is in a first location of the floor and a second outlet is in a second location of the floor that is a location different than the first location. The jet circulates the liquid in the reservoir. The liquid goes through the first outlet and the second outlet to create a first whirling flow pattern and a second whirling flow pattern, respectively, from the liquid in the reservoir.",portable foot bath reservoir holding volume liquid reservoir floor foot bath also jet connected pump first outlet first location floor second outlet second location floor location different first location jet circulates liquid reservoir liquid go first outlet second outlet create first whirling flow pattern second whirling flow pattern respectively liquid reservoir
